OPTION UNITS,MEASURE Seat_Back_Angle,MEASURE Outseam,MEASURE Inseam,MEASURE CROTCH_Height,MEASURE TrouserWAIST_Circ,MEASURE HIP_Circ,MEASURE Knee_Height,MEASURE Calf_Height,MEASURE Waist_Height_Back_EZ,MEASURE TrouserWaist_Height_Back,MEASURE CrotchLength_Back,MEASURE CrotchLength_Front,MEASURE Ankle_Circ,MEASURE Head_Top_Height,MEASURE Hip_Height,MEASURE NeckBase_Circ,MEASURE Bust_to_Bust,MEASURE Underbust_Circ,MEASURE BUST_Circ,MEASURE Across_Back,MEASURE Shoulder_to_Shoulder,MEASURE Neck_Circ,MEASURE Knee_Circ,MEASURE Calf_Circ,MEASURE Bicep_Circ,MEASURE Elbow_Circ,MEASURE Wrist_Circ,MEASURE Shoulder_to_Wrist,MEASURE Shoulder_Length,MEASURE SideNeck_to_Bust,MEASURE NeckSide_to_Wrist,MEASURE NECK_Height,MEASURE Thigh_Circ,MEASURE Across_Front,MEASURE Shoulder_to_floor_Right,MEASURE Shoulder_to_floor_Left,MEASURE TopHip_Circ,MEASURE TrouserWaist_Height_Front,MEASURE Bust_Height,MEASURE Torso_Height,MEASURE Istumakorkeus,MEASURE NaturalWAIST_Circ,MEASURE NaturalWaist_Height,MEASURE Thigh_Height,MEASURE Ankle_Height,MEASURE Shoulder_Width_ThruTheBody,MEASURE Overarm_Width_ThruTheBody,MEASURE Hip_2_Width_ThruTheBody,MEASURE Hip_2_Circ,MEASURE Hip_2_Height,filename
cm,18.7,99.2,78.9,78.0,84.4,94.2,32.0,45.8,101.3,100.7,30.6,25.8,24.95,162.6,85.5,34.3,19.0,76.6,88.0,36.2,37.3,32.4,35.0,33.2,26.2,22.2,14.9,57.4,13.0,27.6,70.4,145.8,49.8,34.2,139.5,140.0,87.1,96.6,122.0,67.8,27.1,73.9,105.1,4.0,70.0,33.2,42.3,37.3,95.5,78.0,C:/Users/SAI/Downloads/NOMO-3d-400-scans_and_tc2_measurements/NOMO-3d-400-scans_and_tc2_measurements/nomo-scans/female_TC2Meas_txt/female_TC2Meas_txt/female_0000.txt
cm,19.6,89.5,71.7,70.6,83.7,99.3,27.5,40.4,90.8,90.4,29.9,21.0,23.83,159.0,77.1,35.2,17.8,81.5,99.5,36.8,39.4,34.4,37.2,37.8,29.9,23.3,14.3,54.7,12.4,26.0,67.2,136.5,57.5,37.8,129.9,131.1,86.0,86.3,117.1,65.9,26.4,77.7,97.0,3.5,63.3,32.8,40.5,38.4,101.5,72.6,C:/Users/SAI/Downloads/NOMO-3d-400-scans_and_tc2_measurements/NOMO-3d-400-scans_and_tc2_measurements/nomo-scans/female_TC2Meas_txt/female_TC2Meas_txt/female_0001.txt
cm,18.3,106.5,81.3,80.2,95.3,107.9,30.5,45.4,108.6,108.3,38.6,31.2,27.47,169.6,90.2,38.0,20.7,87.1,105.6,35.3,41.9,34.2,38.6,38.1,33.2,28.0,17.5,57.7,12.4,30.9,70.0,150.0,61.7,36.0,143.5,141.5,102.1,103.8,123.2,69.8,27.9,91.3,108.1,4.5,72.5,34.4,43.7,43.6,110.0,80.2,C:/Users/SAI/Downloads/NOMO-3d-400-scans_and_tc2_measurements/NOMO-3d-400-scans_and_tc2_measurements/nomo-scans/female_TC2Meas_txt/female_TC2Meas_txt/female_0002.txt
cm,20.1,99.1,77.4,76.0,81.5,89.3,30.0,43.8,101.0,100.3,33.2,26.2,22.27,163.5,84.5,36.4,19.8,72.9,88.1,35.5,38.7,31.6,34.3,32.1,27.8,22.0,16.4,61.0,11.4,24.8,72.4,145.6,48.4,34.1,140.1,140.1,85.7,96.7,123.1,69.5,27.8,75.6,103.8,4.0,68.0,34.2,41.4,36.4,92.2,77.0,C:/Users/SAI/Downloads/NOMO-3d-400-scans_and_tc2_measurements/NOMO-3d-400-scans_and_tc2_measurements/nomo-scans/female_TC2Meas_txt/female_TC2Meas_txt/female_0003.txt
cm,13.0,92.3,72.6,71.5,97.2,100.3,28.5,41.4,94.0,93.9,31.7,26.4,22.55,153.0,77.5,38.4,17.6,82.6,96.7,32.6,42.6,37.5,36.4,35.0,31.5,24.2,15.2,52.0,13.8,30.9,65.8,134.5,57.7,38.6,128.0,129.5,96.8,89.5,107.5,63.0,25.2,87.1,96.7,3.5,63.7,36.5,39.3,40.7,102.6,71.5,C:/Users/SAI/Downloads/NOMO-3d-400-scans_and_tc2_measurements/NOMO-3d-400-scans_and_tc2_measurements/nomo-scans/female_TC2Meas_txt/female_TC2Meas_txt/female_0004.txt
cm,16.5,114.7,91.0,90.1,85.7,97.7,36.0,52.2,116.2,115.9,34.4,28.3,26.87,177.1,97.6,37.3,22.3,78.5,96.2,34.1,33.1,33.4,37.7,35.0,29.3,23.6,15.9,65.4,10.2,30.5,75.6,161.8,53.2,29.3,154.8,156.3,91.5,111.7,136.1,71.8,28.7,77.0,118.8,5.0,81.6,29.1,40.7,39.0,98.5,90.6,C:/Users/SAI/Downloads/NOMO-3d-400-scans_and_tc2_measurements/NOMO-3d-400-scans_and_tc2_measurements/nomo-scans/female_TC2Meas_txt/female_TC2Meas_txt/female_0005.txt
cm,20.1,95.6,72.8,71.3,87.0,98.2,29.0,41.7,97.8,97.4,34.3,29.2,30.93,155.4,79.8,36.1,20.7,86.9,101.6,35.0,35.6,34.0,36.3,33.8,31.9,23.6,14.9,54.5,10.9,26.6,65.4,135.8,57.8,32.3,131.8,130.8,93.1,92.8,114.8,64.5,25.8,84.3,97.1,4.0,64.5,31.2,40.2,38.7,98.6,72.3,C:/Users/SAI/Downloads/NOMO-3d-400-scans_and_tc2_measurements/NOMO-3d-400-scans_and_tc2_measurements/nomo-scans/female_TC2Meas_txt/female_TC2Meas_txt/female_0006.txt
cm,7.9,85.6,67.3,65.8,100.1,100.9,24.0,36.5,87.3,87.3,30.4,24.9,25.79,151.7,75.3,36.7,20.9,86.8,96.9,34.0,40.9,34.5,38.3,38.6,32.7,26.6,17.7,51.0,13.2,31.0,64.2,132.3,58.8,37.2,126.1,126.8,103.0,82.2,104.8,66.5,26.6,94.6,92.4,3.0,57.7,36.2,44.1,41.3,103.8,65.8,C:/Users/SAI/Downloads/NOMO-3d-400-scans_and_tc2_measurements/NOMO-3d-400-scans_and_tc2_measurements/nomo-scans/female_TC2Meas_txt/female_TC2Meas_txt/female_0007.txt
cm,18.4,99.4,78.1,77.0,84.1,96.1,31.0,44.8,101.2,100.7,31.8,26.2,25.28,160.8,83.5,38.6,14.2,78.3,87.1,35.4,40.6,34.2,38.0,35.3,29.2,25.0,14.9,56.5,12.8,26.4,69.4,143.7,54.4,35.1,138.0,137.0,88.8,96.9,121.0,66.8,26.7,75.5,103.7,4.0,69.0,34.6,41.2,38.7,99.6,77.5,C:/Users/SAI/Downloads/NOMO-3d-400-scans_and_tc2_measurements/NOMO-3d-400-scans_and_tc2_measurements/nomo-scans/female_TC2Meas_txt/female_TC2Meas_txt/female_0008.txt
cm,18.2,103.1,82.0,80.8,88.2,97.6,33.5,47.7,105.1,104.8,33.6,26.7,25.86,165.5,87.3,35.4,18.3,79.6,93.5,36.6,41.5,33.3,39.7,36.3,27.7,24.6,16.1,57.9,13.0,28.4,70.9,149.8,57.8,36.0,142.8,143.5,91.0,100.4,125.8,69.0,27.6,79.8,108.4,4.5,72.0,35.0,42.1,39.1,100.9,80.8,C:/Users/SAI/Downloads/NOMO-3d-400-scans_and_tc2_measurements/NOMO-3d-400-scans_and_tc2_measurements/nomo-scans/female_TC2Meas_txt/female_TC2Meas_txt/female_0009.txt
cm,13.8,96.4,74.2,73.0,80.9,94.5,26.0,40.1,97.4,97.2,32.4,26.2,22.72,159.1,83.5,33.1,18.1,81.7,90.0,29.2,34.8,31.0,34.6,32.3,26.8,22.9,15.8,57.4,11.1,26.3,68.5,139.5,51.1,31.2,135.5,135.5,90.5,93.6,117.5,66.5,26.6,74.9,99.6,4.0,64.9,30.5,39.7,38.7,96.5,73.5,C:/Users/SAI/Downloads/NOMO-3d-400-scans_and_tc2_measurements/NOMO-3d-400-scans_and_tc2_measurements/nomo-scans/female_TC2Meas_txt/female_TC2Meas_txt/female_0010.txt
cm,22.0,96.4,71.9,70.7,97.5,110.6,27.0,40.1,98.9,98.6,39.2,31.9,24.55,156.0,79.2,34.1,19.3,82.3,97.5,35.1,40.0,32.4,38.1,36.6,32.3,24.6,14.6,53.7,13.4,30.2,67.2,137.2,62.0,36.0,130.4,131.2,103.2,93.0,111.2,66.5,26.6,95.3,97.3,4.0,62.9,35.3,41.3,44.1,113.6,72.7,C:/Users/SAI/Downloads/NOMO-3d-400-scans_and_tc2_measurements/NOMO-3d-400-scans_and_tc2_measurements/nomo-scans/female_TC2Meas_txt/female_TC2Meas_txt/female_0011.txt
cm,13.1,94.5,72.5,71.4,92.3,93.4,29.0,41.7,96.3,95.8,33.0,26.9,28.59,139.4,81.4,36.6,19.0,85.7,101.0,37.7,41.7,33.9,32.9,34.4,30.2,23.3,16.0,53.3,13.3,31.2,66.6,137.2,51.4,39.2,130.9,130.7,95.3,91.5,110.4,65.8,26.3,87.5,97.7,4.0,62.5,36.8,42.8,36.6,95.0,72.9,C:/Users/SAI/Downloads/NOMO-3d-400-scans_and_tc2_measurements/NOMO-3d-400-scans_and_tc2_measurements/nomo-scans/female_TC2Meas_txt/female_TC2Meas_txt/female_0012.txt
cm,25.3,88.7,70.2,68.7,79.4,90.4,28.0,40.2,91.6,89.8,27.7,25.3,24.61,150.8,76.7,31.9,19.9,73.2,93.1,32.2,33.8,31.2,35.4,36.1,26.6,21.7,13.5,50.2,11.3,25.6,61.6,130.0,52.8,35.9,125.0,125.0,81.7,86.0,110.2,61.3,24.5,71.0,93.2,3.0,60.9,30.8,38.4,36.8,94.5,68.7,C:/Users/SAI/Downloads/NOMO-3d-400-scans_and_tc2_measurements/NOMO-3d-400-scans_and_tc2_measurements/nomo-scans/female_TC2Meas_txt/female_TC2Meas_txt/female_0013.txt
cm,24.8,101.7,76.2,75.1,79.2,96.7,30.0,43.5,104.5,103.7,37.4,30.5,29.88,161.4,82.6,33.7,19.3,81.0,94.4,31.9,38.2,31.1,36.2,33.6,28.4,23.1,15.5,55.2,11.6,25.8,66.8,142.8,55.2,38.3,136.1,136.6,91.3,99.1,122.1,67.8,27.1,77.5,102.2,4.0,67.2,33.2,40.5,37.4,97.5,75.6,C:/Users/SAI/Downloads/NOMO-3d-400-scans_and_tc2_measurements/NOMO-3d-400-scans_and_tc2_measurements/nomo-scans/female_TC2Meas_txt/female_TC2Meas_txt/female_0014.txt
cm,24.0,103.6,81.1,80.0,80.2,93.6,31.0,45.7,105.9,105.6,34.1,27.8,23.26,167.5,88.5,35.4,17.1,73.2,88.2,28.0,31.4,30.5,35.6,33.9,28.2,21.7,14.9,59.7,8.6,25.0,68.3,148.3,55.5,28.9,143.3,142.5,85.4,101.2,126.0,68.3,27.3,71.3,107.3,4.0,72.1,27.9,36.4,37.2,97.7,80.0,C:/Users/SAI/Downloads/NOMO-3d-400-scans_and_tc2_measurements/NOMO-3d-400-scans_and_tc2_measurements/nomo-scans/female_TC2Meas_txt/female_TC2Meas_txt/female_0015.txt
cm,23.0,91.1,71.2,69.8,80.6,90.4,29.0,41.2,93.3,92.7,31.0,25.7,20.19,151.6,77.8,33.3,17.0,75.8,90.0,32.6,33.9,31.1,31.3,30.1,27.2,21.3,14.1,54.2,11.2,25.5,65.4,131.6,50.2,30.5,124.8,126.1,82.9,88.8,111.3,61.8,24.7,74.2,94.5,3.0,63.5,29.3,35.0,35.2,91.4,70.8,C:/Users/SAI/Downloads/NOMO-3d-400-scans_and_tc2_measurements/NOMO-3d-400-scans_and_tc2_measurements/nomo-scans/female_TC2Meas_txt/female_TC2Meas_txt/female_0016.txt
cm,25.0,92.4,71.8,70.6,83.3,94.6,26.5,39.7,95.1,93.9,31.0,26.5,24.34,158.4,79.1,34.5,16.2,77.6,92.0,33.5,33.0,32.5,35.7,34.0,28.9,23.0,13.8,55.5,10.2,26.2,65.7,138.1,52.9,28.8,132.6,133.3,88.0,89.6,117.6,67.5,27.0,75.4,97.6,4.0,64.6,27.7,36.5,36.8,95.1,70.6,C:/Users/SAI/Downloads/NOMO-3d-400-scans_and_tc2_measurements/NOMO-3d-400-scans_and_tc2_measurements/nomo-scans/female_TC2Meas_txt/female_TC2Meas_txt/female_0017.txt
cm,14.7,95.5,76.3,75.3,88.6,94.9,30.0,43.6,97.4,96.7,30.7,25.1,23.76,161.3,80.8,38.1,22.4,90.7,105.1,34.9,39.1,36.3,35.4,33.3,30.7,24.8,15.5,57.0,12.4,27.5,69.4,143.1,51.0,38.7,135.6,135.8,90.8,92.9,121.3,67.8,27.1,86.9,102.4,4.0,68.1,33.6,42.2,36.1,92.8,77.3,C:/Users/SAI/Downloads/NOMO-3d-400-scans_and_tc2_measurements/NOMO-3d-400-scans_and_tc2_measurements/nomo-scans/female_TC2Meas_txt/female_TC2Meas_txt/female_0018.txt
cm,23.0,95.9,74.4,73.2,86.3,98.1,29.0,42.3,98.0,97.2,33.9,27.7,23.67,150.9,81.2,40.0,13.9,78.7,92.4,34.2,39.7,38.2,39.4,36.5,34.7,25.3,16.0,53.8,12.4,30.4,66.1,135.9,56.3,35.9,129.4,130.4,94.6,92.6,108.2,62.8,25.1,83.2,98.3,4.0,65.2,34.0,40.1,40.0,101.7,73.7,C:/Users/SAI/Downloads/NOMO-3d-400-scans_and_tc2_measurements/NOMO-3d-400-scans_and_tc2_measurements/nomo-scans/female_TC2Meas_txt/female_TC2Meas_txt/female_0019.txt
cm,14.8,106.8,81.7,81.1,89.6,100.6,31.5,46.4,108.4,107.9,34.1,29.7,27.95,175.5,91.1,37.1,12.1,82.5,92.0,36.0,43.4,34.9,37.4,34.6,30.6,23.6,15.7,61.9,12.8,32.9,74.7,152.3,52.2,37.7,144.8,146.6,97.1,103.8,124.6,71.3,28.5,81.9,109.6,4.0,72.7,35.8,44.3,40.8,100.1,81.6,C:/Users/SAI/Downloads/NOMO-3d-400-scans_and_tc2_measurements/NOMO-3d-400-scans_and_tc2_measurements/nomo-scans/female_TC2Meas_txt/female_TC2Meas_txt/female_0020.txt
cm,16.8,95.0,75.1,74.1,84.5,93.7,30.0,43.2,96.9,96.3,28.3,24.7,23.64,162.4,83.6,34.3,21.0,82.4,97.1,34.6,39.1,32.4,34.5,32.9,29.0,22.3,15.3,55.9,12.8,28.8,68.7,140.6,50.4,36.4,134.1,135.1,88.5,92.2,118.1,66.5,26.6,83.0,100.7,4.0,66.1,34.3,38.4,36.3,95.3,74.1,C:/Users/SAI/Downloads/NOMO-3d-400-scans_and_tc2_measurements/NOMO-3d-400-scans_and_tc2_measurements/nomo-scans/female_TC2Meas_txt/female_TC2Meas_txt/female_0021.txt
cm,24.6,102.3,75.9,74.7,84.8,105.0,30.0,43.4,104.4,104.0,38.9,31.6,23.20,161.5,84.2,35.0,19.6,82.7,96.3,35.5,39.8,34.3,39.2,34.1,30.5,24.5,13.4,53.9,13.3,29.4,67.2,142.7,60.9,38.3,137.0,137.0,100.1,99.0,119.2,68.0,27.2,84.5,101.9,4.0,67.3,34.5,42.4,42.1,107.8,75.2,C:/Users/SAI/Downloads/NOMO-3d-400-scans_and_tc2_measurements/NOMO-3d-400-scans_and_tc2_measurements/nomo-scans/female_TC2Meas_txt/female_TC2Meas_txt/female_0022.txt
cm,24.9,91.8,73.3,71.1,94.2,107.5,28.5,41.3,95.0,94.2,33.1,25.7,23.87,156.1,79.1,37.8,20.7,82.4,96.6,37.1,39.5,35.0,36.5,35.4,30.8,23.1,14.9,53.5,11.6,25.2,65.1,138.1,59.9,36.1,132.4,133.6,96.4,88.8,116.6,67.0,26.8,84.0,97.9,3.5,62.7,34.7,40.9,42.7,109.9,72.1,C:/Users/SAI/Downloads/NOMO-3d-400-scans_and_tc2_measurements/NOMO-3d-400-scans_and_tc2_measurements/nomo-scans/female_TC2Meas_txt/female_TC2Meas_txt/female_0023.txt
cm,27.6,98.0,78.7,77.5,87.7,102.6,29.0,43.5,100.4,99.9,32.6,24.2,25.55,166.2,86.5,38.5,19.3,77.7,86.3,31.8,39.5,36.7,38.2,36.5,31.4,25.2,15.5,57.2,11.6,30.0,68.9,146.0,59.1,36.9,140.5,140.2,90.9,95.2,120.5,68.5,27.4,77.1,104.9,4.0,69.2,33.7,40.9,40.4,106.1,80.0,C:/Users/SAI/Downloads/NOMO-3d-400-scans_and_tc2_measurements/NOMO-3d-400-scans_and_tc2_measurements/nomo-scans/female_TC2Meas_txt/female_TC2Meas_txt/female_0024.txt
cm,25.0,95.9,77.6,76.6,86.4,97.0,29.0,43.3,98.5,97.7,30.7,22.1,25.61,166.6,86.1,33.5,22.9,80.9,97.9,32.4,39.3,30.6,37.2,36.6,28.9,23.9,15.2,53.3,14.9,32.6,68.3,148.4,59.3,42.3,141.4,142.9,88.4,93.4,123.1,71.8,28.7,77.1,105.3,3.5,68.5,35.7,41.9,38.8,102.6,76.6,C:/Users/SAI/Downloads/NOMO-3d-400-scans_and_tc2_measurements/NOMO-3d-400-scans_and_tc2_measurements/nomo-scans/female_TC2Meas_txt/female_TC2Meas_txt/female_0025.txt
cm,23.0,98.7,75.0,73.8,85.2,107.8,29.0,42.4,100.4,99.7,37.3,30.5,27.50,154.3,81.8,33.3,18.8,80.1,93.1,36.2,40.7,31.5,42.9,40.8,32.6,27.0,15.7,53.3,13.1,29.4,66.4,138.5,65.1,36.0,132.3,131.3,102.7,95.2,112.8,64.8,25.9,80.5,99.7,4.0,66.0,34.9,41.8,43.2,111.5,73.8,C:/Users/SAI/Downloads/NOMO-3d-400-scans_and_tc2_measurements/NOMO-3d-400-scans_and_tc2_measurements/nomo-scans/female_TC2Meas_txt/female_TC2Meas_txt/female_0026.txt
cm,26.0,90.2,69.8,68.6,94.0,99.7,27.0,39.5,93.6,93.5,34.0,26.6,23.93,154.3,79.6,36.1,20.7,85.7,98.6,34.8,41.1,34.0,37.4,36.9,29.2,22.6,15.0,51.3,12.3,25.1,63.7,135.8,54.4,38.3,129.3,129.8,97.6,87.5,114.1,67.3,26.9,90.4,95.5,3.0,60.1,34.9,41.9,38.4,98.7,70.6,C:/Users/SAI/Downloads/NOMO-3d-400-scans_and_tc2_measurements/NOMO-3d-400-scans_and_tc2_measurements/nomo-scans/female_TC2Meas_txt/female_TC2Meas_txt/female_0027.txt
cm,17.1,113.4,92.6,91.5,89.3,100.8,36.5,53.0,115.0,114.7,32.6,25.5,29.23,184.0,101.0,38.7,15.6,88.2,93.2,36.3,40.8,34.2,40.0,38.5,27.9,24.9,16.6,64.8,12.5,27.8,77.3,164.0,57.8,38.3,156.5,157.3,92.6,110.7,138.5,72.5,29.0,80.6,120.5,4.5,82.4,36.0,43.9,41.1,103.8,91.5,C:/Users/SAI/Downloads/NOMO-3d-400-scans_and_tc2_measurements/NOMO-3d-400-scans_and_tc2_measurements/nomo-scans/female_TC2Meas_txt/female_TC2Meas_txt/female_0028.txt
cm,18.9,98.4,81.0,80.0,87.5,96.1,30.5,45.4,100.8,100.5,29.4,23.3,23.47,164.3,87.5,35.6,21.8,83.5,91.7,33.4,40.5,32.7,37.6,33.5,29.0,23.6,15.3,57.0,13.4,28.1,70.3,148.8,53.9,39.1,142.0,142.5,87.6,96.0,124.5,68.8,27.5,76.0,107.5,4.0,71.9,35.2,41.9,38.2,98.2,80.5,C:/Users/SAI/Downloads/NOMO-3d-400-scans_and_tc2_measurements/NOMO-3d-400-scans_and_tc2_measurements/nomo-scans/female_TC2Meas_txt/female_TC2Meas_txt/female_0029.txt
cm,24.2,96.4,75.4,74.0,98.8,111.7,27.5,41.5,99.4,98.9,35.2,28.4,25.20,161.3,83.5,38.0,21.4,87.5,101.1,35.8,42.2,35.1,44.5,39.9,33.8,27.5,16.7,53.0,13.2,29.3,66.3,142.8,64.6,40.3,135.1,136.3,108.1,93.1,118.6,68.8,27.5,92.7,101.6,3.5,66.3,35.8,43.3,44.1,112.6,75.5,C:/Users/SAI/Downloads/NOMO-3d-400-scans_and_tc2_measurements/NOMO-3d-400-scans_and_tc2_measurements/nomo-scans/female_TC2Meas_txt/female_TC2Meas_txt/female_0030.txt
cm,22.7,103.8,82.7,81.5,88.6,101.6,32.5,47.2,105.7,105.7,33.6,24.8,24.09,171.7,91.0,35.6,16.5,79.8,93.7,35.9,41.2,32.0,37.3,34.6,28.7,22.5,15.1,59.4,14.1,30.2,73.5,153.8,57.1,39.6,146.8,148.0,94.6,101.0,128.0,72.3,28.9,76.9,110.4,4.5,72.9,36.7,42.3,41.6,104.2,82.0,C:/Users/SAI/Downloads/NOMO-3d-400-scans_and_tc2_measurements/NOMO-3d-400-scans_and_tc2_measurements/nomo-scans/female_TC2Meas_txt/female_TC2Meas_txt/female_0031.txt
cm,17.1,92.5,72.3,71.4,91.6,102.5,26.0,39.6,94.2,94.1,32.4,24.1,23.35,155.3,82.4,36.8,17.0,84.0,92.9,34.8,39.9,34.8,37.0,35.5,30.5,24.4,16.1,52.7,12.2,27.0,64.9,139.6,56.4,35.8,132.9,133.4,96.7,89.3,115.9,68.3,27.3,88.5,98.7,4.0,62.8,34.0,42.4,41.2,106.0,76.4,C:/Users/SAI/Downloads/NOMO-3d-400-scans_and_tc2_measurements/NOMO-3d-400-scans_and_tc2_measurements/nomo-scans/female_TC2Meas_txt/female_TC2Meas_txt/female_0032.txt
cm,15.3,94.7,74.9,74.0,72.9,85.4,28.5,42.2,95.9,95.6,29.0,23.9,23.64,148.9,80.5,32.7,18.4,75.0,86.5,33.8,34.6,30.8,31.9,31.6,22.1,20.3,14.8,57.5,10.2,22.4,67.8,143.0,45.4,32.2,137.5,138.0,75.7,92.3,125.0,69.0,27.6,63.1,101.6,4.0,66.2,29.3,37.9,34.4,87.6,74.5,C:/Users/SAI/Downloads/NOMO-3d-400-scans_and_tc2_measurements/NOMO-3d-400-scans_and_tc2_measurements/nomo-scans/female_TC2Meas_txt/female_TC2Meas_txt/female_0033.txt
cm,20.1,102.8,81.4,80.1,89.7,100.1,32.0,46.4,105.3,104.6,33.9,26.1,23.47,166.7,89.1,34.9,21.0,82.0,101.8,34.6,38.0,33.0,35.9,34.5,30.3,24.3,14.8,55.5,12.0,26.3,67.5,149.6,57.8,38.0,143.3,144.1,94.5,100.1,128.1,69.5,27.8,80.5,107.9,4.0,72.2,33.4,39.3,39.0,101.3,80.1,C:/Users/SAI/Downloads/NOMO-3d-400-scans_and_tc2_measurements/NOMO-3d-400-scans_and_tc2_measurements/nomo-scans/female_TC2Meas_txt/female_TC2Meas_txt/female_0034.txt
cm,24.6,99.7,76.1,74.9,99.1,109.7,27.5,41.7,102.7,101.9,36.8,31.5,27.21,168.2,85.4,41.9,22.6,89.2,108.2,37.0,41.6,34.5,42.5,41.7,33.8,28.0,17.6,57.8,11.3,30.7,69.1,148.4,66.7,42.6,141.1,141.6,105.0,96.7,122.9,73.5,29.4,93.7,104.3,4.0,67.6,36.4,46.2,41.4,112.6,78.4,C:/Users/SAI/Downloads/NOMO-3d-400-scans_and_tc2_measurements/NOMO-3d-400-scans_and_tc2_measurements/nomo-scans/female_TC2Meas_txt/female_TC2Meas_txt/female_0035.txt
cm,23.7,99.6,78.6,76.4,91.7,106.0,32.0,45.3,101.4,101.4,34.4,28.7,24.68,164.2,84.9,36.4,21.5,87.5,105.9,37.0,44.1,34.6,39.9,38.8,36.1,27.8,17.6,57.8,13.9,26.6,71.7,146.1,65.9,41.5,139.1,140.4,96.3,96.5,125.4,69.8,27.9,85.5,104.3,4.0,67.9,37.6,42.3,44.1,114.1,76.4,C:/Users/SAI/Downloads/NOMO-3d-400-scans_and_tc2_measurements/NOMO-3d-400-scans_and_tc2_measurements/nomo-scans/female_TC2Meas_txt/female_TC2Meas_txt/female_0036.txt
cm,17.3,90.1,70.8,70.0,86.8,96.6,28.0,40.6,91.7,91.2,29.6,23.2,23.31,157.8,78.0,36.6,18.7,75.1,94.4,35.9,38.3,33.9,34.5,32.6,27.8,22.0,15.4,51.7,12.4,26.1,64.1,137.5,52.9,36.3,131.8,131.8,91.1,87.1,115.5,67.5,27.0,78.8,97.0,4.0,61.9,34.2,39.9,38.7,98.9,71.5,C:/Users/SAI/Downloads/NOMO-3d-400-scans_and_tc2_measurements/NOMO-3d-400-scans_and_tc2_measurements/nomo-scans/female_TC2Meas_txt/female_TC2Meas_txt/female_0037.txt
cm,18.4,97.9,77.1,75.8,88.6,106.8,26.5,41.3,99.2,98.8,31.3,26.5,25.70,160.9,84.8,35.6,16.6,86.1,92.8,35.5,39.8,33.6,41.1,37.9,32.5,25.8,15.6,57.4,12.8,30.2,70.2,142.8,63.3,37.6,136.8,135.5,93.6,94.6,116.3,67.0,26.8,83.3,102.6,4.0,68.2,35.0,40.7,42.0,109.3,75.8,C:/Users/SAI/Downloads/NOMO-3d-400-scans_and_tc2_measurements/NOMO-3d-400-scans_and_tc2_measurements/nomo-scans/female_TC2Meas_txt/female_TC2Meas_txt/female_0038.txt
cm,17.1,109.1,85.5,84.5,86.7,98.4,32.5,48.1,110.6,110.5,32.4,27.4,26.18,172.3,93.5,34.7,20.2,84.0,96.1,33.0,41.5,33.1,37.9,35.3,28.4,23.8,15.8,61.9,14.5,30.1,76.4,155.0,53.6,40.8,148.2,148.7,95.7,106.1,130.5,70.5,28.2,81.0,112.7,4.0,75.9,36.9,43.2,38.1,99.0,88.0,C:/Users/SAI/Downloads/NOMO-3d-400-scans_and_tc2_measurements/NOMO-3d-400-scans_and_tc2_measurements/nomo-scans/female_TC2Meas_txt/female_TC2Meas_txt/female_0039.txt
cm,21.6,102.7,80.0,79.0,88.7,108.7,29.0,44.0,104.2,104.3,33.8,28.1,28.67,165.3,89.5,36.8,19.5,82.0,94.6,36.3,39.7,35.0,41.8,39.9,31.1,26.3,16.9,58.6,13.5,28.9,72.1,152.0,60.9,36.4,147.0,146.0,100.2,99.2,126.0,73.0,29.2,82.8,108.2,4.0,71.0,35.5,42.7,42.5,111.0,81.5,C:/Users/SAI/Downloads/NOMO-3d-400-scans_and_tc2_measurements/NOMO-3d-400-scans_and_tc2_measurements/nomo-scans/female_TC2Meas_txt/female_TC2Meas_txt/female_0040.txt
cm,25.9,97.2,78.2,76.7,85.0,100.5,29.0,43.3,99.4,99.3,31.6,23.5,22.93,169.0,87.2,34.1,19.2,81.1,93.0,35.8,37.4,32.5,38.6,38.4,29.1,24.4,15.1,57.0,12.3,30.0,69.3,149.4,61.3,35.7,144.9,143.9,90.6,94.8,124.7,72.8,29.1,77.0,105.8,4.0,68.3,33.5,39.5,41.4,106.6,77.2,C:/Users/SAI/Downloads/NOMO-3d-400-scans_and_tc2_measurements/NOMO-3d-400-scans_and_tc2_measurements/nomo-scans/female_TC2Meas_txt/female_TC2Meas_txt/female_0041.txt
cm,15.6,101.6,78.8,78.0,80.6,94.2,30.0,44.4,103.0,102.8,33.7,27.2,24.58,162.5,86.0,35.4,16.7,74.2,84.9,32.7,36.3,31.4,36.4,37.0,26.6,23.2,15.1,59.1,10.7,24.3,69.8,144.0,53.8,33.2,138.5,139.0,85.9,99.0,121.5,66.0,26.4,74.0,104.4,4.0,69.6,32.6,38.3,38.8,97.7,79.0,C:/Users/SAI/Downloads/NOMO-3d-400-scans_and_tc2_measurements/NOMO-3d-400-scans_and_tc2_measurements/nomo-scans/female_TC2Meas_txt/female_TC2Meas_txt/female_0042.txt
cm,19.7,96.5,76.6,75.2,91.5,101.4,31.5,44.6,98.5,98.4,33.7,26.1,25.90,156.6,82.7,34.8,20.0,85.7,100.1,36.9,38.5,33.1,39.6,38.7,31.8,25.2,16.0,55.5,11.9,25.0,67.4,139.9,59.6,34.0,135.2,134.2,91.5,93.6,120.2,64.8,25.9,81.7,101.1,3.5,67.3,32.7,38.4,40.9,103.9,75.2,C:/Users/SAI/Downloads/NOMO-3d-400-scans_and_tc2_measurements/NOMO-3d-400-scans_and_tc2_measurements/nomo-scans/female_TC2Meas_txt/female_TC2Meas_txt/female_0043.txt
cm,27.5,94.9,74.2,73.1,84.0,103.8,29.0,42.2,96.9,97.1,31.4,25.8,25.46,161.3,81.1,36.7,16.9,78.0,91.9,34.5,37.3,33.2,37.3,35.6,26.6,21.7,14.0,54.5,11.8,22.9,66.3,141.6,59.3,37.4,135.4,134.9,90.6,91.8,120.6,68.5,27.4,70.9,100.5,4.0,66.0,33.9,38.2,41.2,107.2,74.6,C:/Users/SAI/Downloads/NOMO-3d-400-scans_and_tc2_measurements/NOMO-3d-400-scans_and_tc2_measurements/nomo-scans/female_TC2Meas_txt/female_TC2Meas_txt/female_0044.txt
cm,19.8,102.3,82.8,81.7,84.2,95.5,32.0,46.9,103.7,103.3,30.0,23.5,24.65,167.5,89.7,36.9,18.8,74.1,89.1,35.3,37.3,34.6,36.1,33.2,25.8,21.3,14.3,57.3,9.2,24.6,66.5,145.7,52.7,31.0,139.9,139.9,86.1,99.4,124.7,64.0,25.6,75.6,107.3,4.0,73.7,30.3,36.7,38.7,98.3,81.7,C:/Users/SAI/Downloads/NOMO-3d-400-scans_and_tc2_measurements/NOMO-3d-400-scans_and_tc2_measurements/nomo-scans/female_TC2Meas_txt/female_TC2Meas_txt/female_0045.txt
cm,23.2,103.5,80.3,78.9,93.9,104.9,31.0,45.4,106.4,105.6,35.4,30.6,40.80,165.7,89.4,34.2,21.8,90.8,107.6,34.4,40.9,32.1,44.0,41.1,34.8,28.2,16.7,59.1,13.6,26.3,72.6,148.4,63.7,43.1,140.9,142.2,102.3,100.4,127.9,69.5,27.8,89.9,106.7,4.0,71.2,35.9,42.5,40.8,107.6,82.4,C:/Users/SAI/Downloads/NOMO-3d-400-scans_and_tc2_measurements/NOMO-3d-400-scans_and_tc2_measurements/nomo-scans/female_TC2Meas_txt/female_TC2Meas_txt/female_0046.txt
cm,21.4,96.1,74.4,73.0,86.1,100.5,28.0,41.5,98.3,97.2,34.7,28.2,32.91,161.9,81.5,35.0,19.8,79.2,102.3,37.2,41.3,32.0,38.2,36.9,31.5,24.6,15.4,55.2,12.9,27.6,68.1,140.0,58.8,42.2,133.0,133.0,93.3,93.2,118.5,67.0,26.8,78.4,99.8,4.0,65.8,34.9,43.4,40.4,103.9,74.0,C:/Users/SAI/Downloads/NOMO-3d-400-scans_and_tc2_measurements/NOMO-3d-400-scans_and_tc2_measurements/nomo-scans/female_TC2Meas_txt/female_TC2Meas_txt/female_0047.txt
cm,21.9,92.9,72.7,71.5,90.4,103.4,27.0,40.3,95.0,95.2,33.4,24.0,25.46,157.9,82.5,35.9,18.7,82.0,92.2,35.0,39.5,34.0,43.6,39.3,32.6,28.3,17.6,55.2,13.2,28.4,68.5,138.0,60.5,35.1,132.5,131.5,96.8,89.5,113.5,66.5,26.6,87.9,98.1,4.0,64.1,34.5,42.0,41.9,109.5,74.5,C:/Users/SAI/Downloads/NOMO-3d-400-scans_and_tc2_measurements/NOMO-3d-400-scans_and_tc2_measurements/nomo-scans/female_TC2Meas_txt/female_TC2Meas_txt/female_0048.txt
cm,20.2,93.4,72.5,71.3,77.9,95.4,28.0,41.0,95.1,94.9,31.6,24.8,22.98,153.7,79.3,34.5,17.3,76.4,93.2,30.2,36.0,32.0,34.9,33.6,27.3,22.9,15.0,51.8,11.7,24.9,63.5,135.8,54.1,42.9,129.6,129.3,85.6,90.3,116.3,64.5,25.8,74.5,97.1,4.0,64.0,32.2,38.7,38.5,98.2,71.3,C:/Users/SAI/Downloads/NOMO-3d-400-scans_and_tc2_measurements/NOMO-3d-400-scans_and_tc2_measurements/nomo-scans/female_TC2Meas_txt/female_TC2Meas_txt/female_0049.txt
cm,22.7,97.2,75.1,74.2,87.0,105.3,30.0,43.2,98.9,97.9,32.8,26.2,24.41,161.6,83.2,35.2,18.9,77.5,91.0,35.3,38.9,32.0,36.0,36.4,27.7,22.8,14.5,54.7,12.3,28.4,67.0,143.4,61.0,36.6,137.4,138.4,91.1,94.1,119.2,69.3,27.7,80.8,101.9,4.0,66.0,34.9,42.0,43.4,109.6,74.2,C:/Users/SAI/Downloads/NOMO-3d-400-scans_and_tc2_measurements/NOMO-3d-400-scans_and_tc2_measurements/nomo-scans/female_TC2Meas_txt/female_TC2Meas_txt/female_0050.txt
cm,25.6,98.7,77.7,73.9,89.7,109.5,30.0,43.2,100.1,100.1,34.2,29.8,25.22,155.7,81.9,36.1,18.9,90.9,109.7,38.9,43.8,34.5,39.4,39.3,33.4,23.4,15.3,54.9,13.3,26.8,68.2,141.9,66.6,43.7,134.7,134.9,97.6,95.0,121.9,68.0,27.2,84.4,101.1,4.0,64.8,36.5,43.1,42.9,113.1,73.9,C:/Users/SAI/Downloads/NOMO-3d-400-scans_and_tc2_measurements/NOMO-3d-400-scans_and_tc2_measurements/nomo-scans/female_TC2Meas_txt/female_TC2Meas_txt/female_0051.txt
cm,16.1,99.0,78.3,76.9,97.4,101.5,31.5,45.1,101.0,100.5,33.4,27.2,24.62,163.9,84.9,38.4,20.5,90.5,108.5,40.7,44.4,37.0,36.9,39.5,34.1,27.0,17.2,56.5,13.2,28.2,69.6,143.9,60.5,42.1,137.4,137.1,99.8,95.9,120.4,67.0,26.8,91.9,103.7,3.5,67.7,36.7,46.0,39.1,102.9,76.9,C:/Users/SAI/Downloads/NOMO-3d-400-scans_and_tc2_measurements/NOMO-3d-400-scans_and_tc2_measurements/nomo-scans/female_TC2Meas_txt/female_TC2Meas_txt/female_0052.txt
cm,18.1,95.5,72.7,71.4,90.9,102.1,27.5,40.7,97.8,97.5,34.9,29.8,24.10,157.8,80.4,36.2,17.7,80.4,96.1,35.5,39.0,33.3,37.2,34.0,29.6,23.2,16.1,55.3,12.1,26.6,67.4,139.9,55.6,36.3,133.9,134.9,99.2,92.3,117.4,68.5,27.4,84.1,98.8,4.0,63.7,33.8,41.8,39.5,101.5,72.9,C:/Users/SAI/Downloads/NOMO-3d-400-scans_and_tc2_measurements/NOMO-3d-400-scans_and_tc2_measurements/nomo-scans/female_TC2Meas_txt/female_TC2Meas_txt/female_0053.txt
cm,26.1,98.1,77.7,76.1,92.2,106.0,31.0,44.5,100.7,99.7,33.6,24.9,25.14,161.8,86.1,40.3,17.1,80.1,88.8,35.1,39.0,36.9,37.3,36.5,29.4,24.0,13.7,52.4,11.1,29.4,63.5,143.1,62.0,35.0,138.4,138.6,99.3,95.3,118.6,67.0,26.8,81.7,102.9,4.0,68.5,33.2,39.4,41.1,108.5,77.1,C:/Users/SAI/Downloads/NOMO-3d-400-scans_and_tc2_measurements/NOMO-3d-400-scans_and_tc2_measurements/nomo-scans/female_TC2Meas_txt/female_TC2Meas_txt/female_0054.txt
cm,22.6,99.8,80.9,79.9,89.9,106.0,31.0,45.7,101.1,101.1,28.9,24.7,24.80,161.3,87.9,35.6,19.3,83.1,94.7,35.9,43.0,33.2,38.3,36.8,31.9,24.6,15.8,58.7,14.0,29.1,72.7,144.7,63.1,39.8,137.4,138.2,94.2,96.5,120.4,64.8,25.9,82.9,105.8,4.0,73.0,36.5,43.8,42.6,110.1,80.4,C:/Users/SAI/Downloads/NOMO-3d-400-scans_and_tc2_measurements/NOMO-3d-400-scans_and_tc2_measurements/nomo-scans/female_TC2Meas_txt/female_TC2Meas_txt/female_0055.txt
cm,23.3,102.0,81.7,80.6,93.0,104.9,32.0,46.6,104.1,103.8,31.2,25.7,31.15,171.7,90.6,35.0,20.9,86.6,100.6,35.9,40.6,33.2,40.5,39.7,32.3,26.3,16.3,60.3,13.8,27.2,74.1,152.8,61.0,39.9,146.8,145.3,99.8,98.7,129.6,72.3,28.9,88.4,109.5,4.0,76.3,36.3,42.9,40.9,107.1,84.6,C:/Users/SAI/Downloads/NOMO-3d-400-scans_and_tc2_measurements/NOMO-3d-400-scans_and_tc2_measurements/nomo-scans/female_TC2Meas_txt/female_TC2Meas_txt/female_0056.txt
cm,21.5,103.1,81.9,80.6,96.4,112.7,32.0,46.6,105.1,104.9,36.4,26.0,25.64,159.7,89.1,36.1,19.9,83.8,98.2,36.7,38.9,32.4,39.9,40.4,32.2,24.9,15.8,59.4,12.7,26.6,72.0,152.4,64.5,36.3,146.1,146.1,100.4,100.0,129.6,71.8,28.7,83.6,109.3,4.0,73.2,34.4,42.9,44.9,114.6,80.6,C:/Users/SAI/Downloads/NOMO-3d-400-scans_and_tc2_measurements/NOMO-3d-400-scans_and_tc2_measurements/nomo-scans/female_TC2Meas_txt/female_TC2Meas_txt/female_0057.txt
cm,17.7,96.1,78.4,76.9,81.0,94.6,31.0,44.8,97.3,97.0,28.8,23.2,22.60,159.4,83.9,35.9,17.2,76.8,94.2,35.4,37.5,30.5,34.6,36.3,27.0,22.3,15.0,55.1,10.8,23.6,65.9,143.4,54.5,39.7,135.9,136.9,81.2,93.3,122.9,66.5,26.6,72.0,103.5,4.0,69.9,32.4,40.7,37.4,96.1,76.9,C:/Users/SAI/Downloads/NOMO-3d-400-scans_and_tc2_measurements/NOMO-3d-400-scans_and_tc2_measurements/nomo-scans/female_TC2Meas_txt/female_TC2Meas_txt/female_0058.txt
cm,30.7,104.3,82.1,81.0,79.3,99.4,32.0,46.7,107.2,105.9,34.3,28.1,24.74,165.2,89.0,33.5,15.0,79.3,88.6,37.9,37.5,31.2,35.8,33.0,25.4,22.7,15.6,64.4,11.2,23.6,75.5,149.3,53.6,33.0,144.8,145.3,88.5,101.5,128.5,68.3,27.3,69.9,108.3,4.0,73.4,32.6,40.7,40.6,103.0,81.5,C:/Users/SAI/Downloads/NOMO-3d-400-scans_and_tc2_measurements/NOMO-3d-400-scans_and_tc2_measurements/nomo-scans/female_TC2Meas_txt/female_TC2Meas_txt/female_0059.txt
cm,21.9,96.3,74.4,73.3,81.1,100.9,27.5,41.2,98.2,97.5,34.3,25.8,24.64,164.7,81.3,37.4,18.5,76.5,93.3,32.0,35.9,35.2,38.9,38.7,30.0,24.2,15.3,51.3,10.0,25.2,61.3,141.0,57.8,37.9,136.8,137.0,90.1,93.5,121.8,67.8,27.1,70.8,100.4,4.0,66.0,31.4,39.6,40.1,104.6,74.8,C:/Users/SAI/Downloads/NOMO-3d-400-scans_and_tc2_measurements/NOMO-3d-400-scans_and_tc2_measurements/nomo-scans/female_TC2Meas_txt/female_TC2Meas_txt/female_0060.txt
cm,17.3,94.2,74.9,73.9,77.9,88.7,29.0,42.5,95.5,95.4,30.5,23.4,25.27,150.3,82.4,35.2,18.7,77.1,84.0,32.7,36.9,33.7,35.7,33.8,24.1,23.1,14.9,53.7,12.1,25.5,65.8,134.9,51.0,40.4,128.7,128.2,80.4,91.4,114.4,61.0,24.4,73.3,98.3,3.5,66.9,32.4,37.3,35.7,91.1,77.9,C:/Users/SAI/Downloads/NOMO-3d-400-scans_and_tc2_measurements/NOMO-3d-400-scans_and_tc2_measurements/nomo-scans/female_TC2Meas_txt/female_TC2Meas_txt/female_0061.txt
cm,21.9,97.6,76.0,74.7,93.5,105.8,30.5,43.8,100.2,100.0,36.3,25.0,24.54,158.5,83.2,34.1,18.2,82.3,99.8,35.1,37.2,31.4,39.8,37.9,30.1,24.5,15.2,53.8,12.0,25.4,65.8,141.0,63.5,37.7,136.0,136.2,94.3,94.8,121.2,66.3,26.5,88.1,101.2,3.5,67.1,33.2,37.2,41.6,107.5,75.2,C:/Users/SAI/Downloads/NOMO-3d-400-scans_and_tc2_measurements/NOMO-3d-400-scans_and_tc2_measurements/nomo-scans/female_TC2Meas_txt/female_TC2Meas_txt/female_0062.txt
cm,21.9,97.6,76.0,74.7,93.5,105.8,30.5,43.8,100.2,100.0,36.3,25.0,24.54,158.5,83.2,34.1,18.2,82.3,99.8,35.1,37.2,31.4,39.8,37.9,30.1,24.5,15.2,53.8,12.0,25.4,65.8,141.0,63.5,37.7,136.0,136.2,94.3,94.8,121.2,66.3,26.5,88.1,101.2,3.5,67.1,33.2,37.2,41.6,107.5,75.2,C:/Users/SAI/Downloads/NOMO-3d-400-scans_and_tc2_measurements/NOMO-3d-400-scans_and_tc2_measurements/nomo-scans/female_TC2Meas_txt/female_TC2Meas_txt/female_0062_promt.txt
cm,22.9,100.4,75.5,74.2,89.7,111.6,29.5,42.9,102.9,102.4,38.3,31.4,25.75,161.9,81.7,36.7,22.2,82.2,99.8,34.5,39.9,32.8,42.5,38.9,33.4,25.7,16.3,55.1,13.0,29.0,68.1,143.0,65.4,38.2,135.0,136.7,100.8,97.1,120.2,68.8,27.5,86.4,101.7,3.5,66.8,34.7,39.9,43.7,113.9,75.7,C:/Users/SAI/Downloads/NOMO-3d-400-scans_and_tc2_measurements/NOMO-3d-400-scans_and_tc2_measurements/nomo-scans/female_TC2Meas_txt/female_TC2Meas_txt/female_0063.txt
cm,21.6,104.8,84.0,82.7,80.3,99.3,35.5,49.7,106.4,106.2,31.1,27.6,23.74,166.0,87.2,34.7,17.2,79.1,89.9,32.4,39.8,30.6,37.3,37.5,29.1,23.9,15.2,58.0,12.3,28.8,70.3,149.7,59.3,37.4,142.7,144.2,86.3,101.7,126.2,67.0,26.8,69.6,109.5,4.5,74.8,34.8,39.3,39.1,102.6,82.7,C:/Users/SAI/Downloads/NOMO-3d-400-scans_and_tc2_measurements/NOMO-3d-400-scans_and_tc2_measurements/nomo-scans/female_TC2Meas_txt/female_TC2Meas_txt/female_0064.txt
cm,14.1,96.4,74.4,73.0,91.7,98.1,28.0,41.5,98.4,98.3,32.0,28.0,25.67,156.7,81.0,35.8,19.6,80.9,96.0,36.3,39.7,32.7,38.2,35.4,31.1,24.4,16.5,53.1,13.7,29.6,66.8,138.0,54.4,36.3,131.0,131.3,94.8,93.4,114.0,65.0,26.0,86.9,99.0,4.0,65.4,34.5,39.6,37.8,97.8,73.5,C:/Users/SAI/Downloads/NOMO-3d-400-scans_and_tc2_measurements/NOMO-3d-400-scans_and_tc2_measurements/nomo-scans/female_TC2Meas_txt/female_TC2Meas_txt/female_0065.txt
cm,21.3,94.7,73.2,71.5,82.9,98.7,29.0,41.7,96.4,96.1,33.9,26.2,21.91,149.8,80.0,33.8,17.3,80.7,87.8,33.4,35.7,31.9,34.3,34.8,27.5,22.6,14.4,54.3,12.5,28.7,66.7,137.4,57.2,32.8,131.4,132.2,88.9,91.7,114.0,66.0,26.4,75.1,97.8,4.0,64.3,31.7,41.4,41.0,103.1,73.0,C:/Users/SAI/Downloads/NOMO-3d-400-scans_and_tc2_measurements/NOMO-3d-400-scans_and_tc2_measurements/nomo-scans/female_TC2Meas_txt/female_TC2Meas_txt/female_0066.txt
cm,15.8,95.2,76.8,75.1,82.8,93.8,30.0,43.5,96.6,96.1,28.5,24.0,22.70,161.3,82.6,34.0,18.5,76.9,89.9,32.5,38.8,31.8,32.8,32.8,27.1,22.2,15.1,56.1,13.0,26.0,69.1,139.9,50.1,40.3,134.6,133.6,85.3,92.0,118.6,64.8,25.9,76.5,101.0,4.0,66.9,34.5,40.8,37.7,96.3,75.6,C:/Users/SAI/Downloads/NOMO-3d-400-scans_and_tc2_measurements/NOMO-3d-400-scans_and_tc2_measurements/nomo-scans/female_TC2Meas_txt/female_TC2Meas_txt/female_0067.txt
cm,16.7,104.9,84.6,83.4,101.2,106.7,34.0,48.8,107.2,106.4,31.7,27.1,21.55,167.3,94.4,39.7,18.3,90.8,105.7,41.2,41.7,37.4,36.0,34.2,33.3,26.4,16.5,61.5,11.8,31.1,73.3,152.2,56.4,34.8,144.9,146.4,105.5,102.1,124.9,68.8,27.5,100.6,110.9,4.0,74.8,34.2,44.0,40.4,104.8,87.4,C:/Users/SAI/Downloads/NOMO-3d-400-scans_and_tc2_measurements/NOMO-3d-400-scans_and_tc2_measurements/nomo-scans/female_TC2Meas_txt/female_TC2Meas_txt/female_0068.txt
cm,26.8,91.1,72.5,69.9,91.0,100.8,28.5,40.9,94.2,92.9,32.0,27.3,27.09,150.3,76.9,36.3,20.1,82.1,100.2,34.6,39.3,35.5,37.0,36.9,33.3,23.7,15.3,50.2,12.8,27.5,63.0,132.1,60.7,37.7,128.4,128.1,94.0,88.5,111.4,62.3,24.9,84.3,94.8,3.5,63.0,35.8,39.5,40.4,104.7,69.9,C:/Users/SAI/Downloads/NOMO-3d-400-scans_and_tc2_measurements/NOMO-3d-400-scans_and_tc2_measurements/nomo-scans/female_TC2Meas_txt/female_TC2Meas_txt/female_0069.txt
cm,15.5,99.0,78.0,77.0,85.4,95.1,31.0,44.8,100.4,100.0,32.0,25.4,23.86,160.7,86.0,34.3,18.7,81.1,96.2,29.7,40.5,32.2,35.7,34.2,29.6,23.2,15.4,57.5,13.2,26.4,70.7,142.3,54.5,36.9,135.3,136.8,90.4,96.0,120.5,65.3,26.1,77.9,103.1,4.0,69.6,34.7,39.3,38.3,97.1,77.0,C:/Users/SAI/Downloads/NOMO-3d-400-scans_and_tc2_measurements/NOMO-3d-400-scans_and_tc2_measurements/nomo-scans/female_TC2Meas_txt/female_TC2Meas_txt/female_0070.txt
cm,15.0,98.4,78.9,77.8,87.2,99.3,31.0,45.0,100.3,100.2,31.2,24.3,24.89,163.0,85.8,36.1,19.3,88.4,98.4,39.0,40.7,34.5,37.4,36.9,30.0,26.5,16.3,56.8,13.0,31.1,69.8,146.8,56.7,37.0,140.5,140.0,90.0,96.0,120.3,69.0,27.6,78.8,105.4,4.0,68.9,34.8,42.6,39.0,101.3,78.3,C:/Users/SAI/Downloads/NOMO-3d-400-scans_and_tc2_measurements/NOMO-3d-400-scans_and_tc2_measurements/nomo-scans/female_TC2Meas_txt/female_TC2Meas_txt/female_0071.txt
cm,20.6,95.1,77.8,76.5,83.3,97.7,31.5,45.0,96.3,96.0,29.1,23.1,25.44,156.6,84.0,33.7,19.0,75.0,96.0,33.8,38.7,30.5,34.7,37.2,29.9,23.0,15.4,57.8,12.2,24.9,69.9,142.2,58.2,38.3,134.5,135.5,82.8,91.7,121.0,65.8,26.3,77.0,102.8,3.5,69.6,33.1,39.1,39.9,102.4,77.0,C:/Users/SAI/Downloads/NOMO-3d-400-scans_and_tc2_measurements/NOMO-3d-400-scans_and_tc2_measurements/nomo-scans/female_TC2Meas_txt/female_TC2Meas_txt/female_0072.txt
cm,22.2,96.8,77.6,76.8,82.1,94.2,29.5,43.7,98.7,98.1,29.0,24.7,23.80,163.5,85.3,37.4,16.8,75.5,95.9,33.5,40.7,35.2,35.3,36.6,28.8,23.1,15.6,55.4,12.9,26.0,68.3,142.5,54.6,39.9,133.8,135.8,85.5,94.0,121.3,65.8,26.3,75.3,103.1,4.0,68.7,34.8,40.3,37.3,97.5,76.8,C:/Users/SAI/Downloads/NOMO-3d-400-scans_and_tc2_measurements/NOMO-3d-400-scans_and_tc2_measurements/nomo-scans/female_TC2Meas_txt/female_TC2Meas_txt/female_0073.txt
cm,10.1,91.7,74.4,72.7,93.8,98.1,28.5,41.7,93.3,93.6,29.2,22.5,24.18,160.3,84.7,38.3,20.9,83.8,102.4,36.8,46.1,35.7,36.5,35.8,31.8,23.5,15.6,53.8,15.7,33.0,69.6,139.4,54.3,41.7,131.7,132.2,97.5,88.3,111.7,66.8,26.7,88.7,99.3,4.0,66.2,39.6,46.1,37.0,97.4,75.7,C:/Users/SAI/Downloads/NOMO-3d-400-scans_and_tc2_measurements/NOMO-3d-400-scans_and_tc2_measurements/nomo-scans/female_TC2Meas_txt/female_TC2Meas_txt/female_0074.txt
cm,26.6,105.1,82.0,80.7,89.8,104.7,32.0,46.6,107.8,106.3,37.2,30.1,23.96,166.9,90.7,36.2,18.8,81.9,96.3,35.2,41.3,34.0,37.7,35.1,33.2,25.2,16.0,57.4,13.4,27.3,70.8,149.2,62.4,37.1,142.4,142.2,100.7,101.8,126.2,68.5,27.4,82.3,108.1,4.0,71.7,35.6,41.7,41.4,109.5,81.2,C:/Users/SAI/Downloads/NOMO-3d-400-scans_and_tc2_measurements/NOMO-3d-400-scans_and_tc2_measurements/nomo-scans/female_TC2Meas_txt/female_TC2Meas_txt/female_0075.txt
cm,24.6,91.2,72.2,71.0,75.1,90.5,30.0,42.3,93.6,93.3,30.9,23.8,22.67,156.9,78.5,34.2,17.6,74.6,88.4,33.6,38.3,30.8,36.8,35.8,27.4,23.9,15.0,52.4,11.8,24.2,64.2,137.3,53.7,36.4,131.3,131.8,80.4,89.2,116.5,66.3,26.5,67.2,97.5,4.0,63.3,33.6,40.1,36.6,95.4,71.0,C:/Users/SAI/Downloads/NOMO-3d-400-scans_and_tc2_measurements/NOMO-3d-400-scans_and_tc2_measurements/nomo-scans/female_TC2Meas_txt/female_TC2Meas_txt/female_0076.txt
cm,11.7,99.2,80.2,78.8,88.4,94.3,32.0,46.0,100.9,100.3,30.1,24.7,23.05,166.0,86.3,35.3,20.9,78.6,91.0,35.3,40.1,30.6,34.8,32.2,26.9,22.3,16.1,59.8,11.8,24.9,71.6,145.1,52.9,36.6,139.3,138.8,90.1,96.7,122.3,66.3,26.5,79.3,105.3,4.0,70.6,34.7,41.1,37.2,95.6,78.8,C:/Users/SAI/Downloads/NOMO-3d-400-scans_and_tc2_measurements/NOMO-3d-400-scans_and_tc2_measurements/nomo-scans/female_TC2Meas_txt/female_TC2Meas_txt/female_0077.txt
cm,11.7,99.2,80.2,78.8,88.4,94.3,32.0,46.0,100.9,100.3,30.1,24.7,23.05,166.0,86.3,35.3,20.9,78.6,91.0,35.3,40.1,30.6,34.8,32.2,26.9,22.3,16.1,59.8,11.8,24.9,71.6,145.1,52.9,36.6,139.3,138.8,90.1,96.7,122.3,66.3,26.5,79.3,105.3,4.0,70.6,34.7,41.1,37.2,95.6,78.8,C:/Users/SAI/Downloads/NOMO-3d-400-scans_and_tc2_measurements/NOMO-3d-400-scans_and_tc2_measurements/nomo-scans/female_TC2Meas_txt/female_TC2Meas_txt/female_0077_promt.txt
cm,16.9,98.3,76.3,75.6,93.7,98.4,30.0,43.7,100.1,100.0,32.6,27.0,24.09,165.8,86.6,38.1,34.0,94.5,104.0,37.2,41.5,34.4,35.3,36.1,29.7,24.2,16.8,57.1,12.6,20.9,69.7,144.8,51.4,35.5,136.8,138.1,95.1,95.4,126.6,69.3,27.7,85.4,103.3,4.0,67.4,35.4,44.2,38.0,98.2,80.1,C:/Users/SAI/Downloads/NOMO-3d-400-scans_and_tc2_measurements/NOMO-3d-400-scans_and_tc2_measurements/nomo-scans/female_TC2Meas_txt/female_TC2Meas_txt/female_0078.txt
cm,17.6,105.0,83.3,81.8,97.8,109.2,32.0,46.9,107.1,106.5,35.5,27.9,28.06,166.9,91.3,33.6,19.1,89.9,105.6,37.4,40.4,30.7,39.6,38.3,33.9,26.3,16.3,61.6,12.8,27.9,74.4,150.8,62.4,39.3,143.6,144.3,102.8,101.8,127.8,69.0,27.6,90.3,109.4,4.5,73.5,34.7,41.2,43.8,112.6,82.3,C:/Users/SAI/Downloads/NOMO-3d-400-scans_and_tc2_measurements/NOMO-3d-400-scans_and_tc2_measurements/nomo-scans/female_TC2Meas_txt/female_TC2Meas_txt/female_0079.txt
cm,18.5,94.5,75.7,73.3,88.3,101.0,30.0,43.0,96.2,95.6,30.8,24.1,24.13,160.2,81.3,36.3,19.0,82.9,97.3,39.6,39.4,32.9,38.0,37.3,31.0,24.7,16.1,54.8,11.5,25.3,66.2,140.3,57.9,36.3,134.3,134.6,91.7,91.3,118.3,67.0,26.8,80.7,100.1,4.0,66.3,33.9,43.4,40.5,104.7,74.3,C:/Users/SAI/Downloads/NOMO-3d-400-scans_and_tc2_measurements/NOMO-3d-400-scans_and_tc2_measurements/nomo-scans/female_TC2Meas_txt/female_TC2Meas_txt/female_0080.txt
cm,25.0,100.4,79.6,78.5,85.8,99.8,32.5,46.3,103.1,102.6,33.9,26.4,25.80,167.1,85.5,35.8,18.2,76.1,89.9,34.1,38.6,32.2,38.0,36.3,30.0,23.1,14.6,59.6,10.9,24.9,70.5,147.5,59.2,33.6,141.8,140.8,88.5,97.6,125.5,69.0,27.6,74.4,106.1,3.5,70.5,32.4,40.6,40.5,104.9,79.5,C:/Users/SAI/Downloads/NOMO-3d-400-scans_and_tc2_measurements/NOMO-3d-400-scans_and_tc2_measurements/nomo-scans/female_TC2Meas_txt/female_TC2Meas_txt/female_0081.txt
cm,27.7,99.8,80.2,79.0,83.3,97.2,31.0,45.4,101.7,101.9,29.8,24.6,27.73,164.0,87.5,34.0,18.8,77.2,96.7,36.6,38.9,31.5,36.1,38.5,29.6,23.8,15.1,56.9,12.5,25.9,69.4,144.8,57.3,35.3,136.8,137.8,88.1,97.0,124.0,65.8,26.3,75.4,105.3,4.0,72.4,32.6,39.9,38.8,101.1,79.0,C:/Users/SAI/Downloads/NOMO-3d-400-scans_and_tc2_measurements/NOMO-3d-400-scans_and_tc2_measurements/nomo-scans/female_TC2Meas_txt/female_TC2Meas_txt/female_0082.txt
cm,13.4,98.8,77.6,74.5,99.1,105.0,27.0,41.3,100.0,100.1,35.2,26.6,25.77,151.9,91.0,35.6,19.2,80.9,93.8,32.4,38.7,40.0,39.3,37.2,30.5,24.9,16.1,56.2,12.1,30.1,68.3,138.5,55.4,35.8,133.5,134.5,105.1,95.1,114.0,64.0,25.6,91.4,100.1,3.5,67.0,33.6,39.6,41.7,104.8,75.5,C:/Users/SAI/Downloads/NOMO-3d-400-scans_and_tc2_measurements/NOMO-3d-400-scans_and_tc2_measurements/nomo-scans/female_TC2Meas_txt/female_TC2Meas_txt/female_0083.txt
cm,22.0,102.3,80.8,79.6,90.0,100.3,31.0,45.6,104.6,103.4,33.5,25.6,23.52,160.8,86.6,36.1,22.3,81.6,98.0,33.0,41.1,33.0,37.9,35.0,29.9,26.2,16.1,56.9,13.1,29.7,70.1,146.3,58.2,39.7,140.3,141.1,93.0,99.4,120.6,66.8,26.7,82.8,106.3,4.0,71.7,37.0,43.3,40.0,104.0,79.6,C:/Users/SAI/Downloads/NOMO-3d-400-scans_and_tc2_measurements/NOMO-3d-400-scans_and_tc2_measurements/nomo-scans/female_TC2Meas_txt/female_TC2Meas_txt/female_0084.txt
cm,18.8,99.3,78.2,77.0,92.5,102.7,30.0,44.1,101.4,101.1,34.2,26.3,37.07,165.8,85.0,35.6,16.6,76.9,93.1,34.9,36.8,32.3,35.5,34.7,29.6,22.7,14.6,58.1,11.8,25.6,69.9,145.3,57.1,33.2,139.8,139.5,93.6,96.3,124.0,68.3,27.3,84.1,104.3,4.0,69.1,32.7,39.3,41.4,104.6,77.0,C:/Users/SAI/Downloads/NOMO-3d-400-scans_and_tc2_measurements/NOMO-3d-400-scans_and_tc2_measurements/nomo-scans/female_TC2Meas_txt/female_TC2Meas_txt/female_0085.txt
cm,27.4,90.0,70.6,69.1,74.3,90.7,26.0,38.9,92.0,91.7,31.7,24.0,23.97,151.1,76.1,33.5,15.5,71.5,84.8,34.7,36.9,29.7,35.6,34.8,24.6,21.6,14.1,50.1,10.9,26.7,61.0,131.6,52.5,33.7,126.1,126.1,78.2,87.0,108.6,62.5,25.0,67.5,94.1,3.0,61.6,32.2,37.4,37.1,94.5,69.6,C:/Users/SAI/Downloads/NOMO-3d-400-scans_and_tc2_measurements/NOMO-3d-400-scans_and_tc2_measurements/nomo-scans/female_TC2Meas_txt/female_TC2Meas_txt/female_0086.txt
cm,19.2,95.1,75.4,74.0,72.9,91.2,30.0,43.2,96.4,96.0,30.8,24.0,22.27,157.9,80.5,29.8,15.3,77.6,89.4,29.3,35.4,29.4,34.9,33.6,26.1,22.7,15.0,53.3,12.5,25.9,65.8,139.0,51.0,37.0,133.8,134.5,78.6,91.8,120.0,65.0,26.0,67.4,100.0,4.0,65.9,31.5,38.1,37.8,94.9,74.5,C:/Users/SAI/Downloads/NOMO-3d-400-scans_and_tc2_measurements/NOMO-3d-400-scans_and_tc2_measurements/nomo-scans/female_TC2Meas_txt/female_TC2Meas_txt/female_0087.txt
cm,19.2,95.1,75.4,74.0,72.9,91.2,30.0,43.2,96.4,96.0,30.8,24.0,22.27,157.9,80.5,29.8,15.3,77.6,89.4,29.3,35.4,29.4,34.9,33.6,26.1,22.7,15.0,53.3,12.5,25.9,65.8,139.0,51.0,37.0,133.8,134.5,78.6,91.8,120.0,65.0,26.0,67.4,100.0,4.0,65.9,31.5,38.1,37.8,94.9,74.5,C:/Users/SAI/Downloads/NOMO-3d-400-scans_and_tc2_measurements/NOMO-3d-400-scans_and_tc2_measurements/nomo-scans/female_TC2Meas_txt/female_TC2Meas_txt/female_0087_copy.txt
cm,16.3,98.7,79.1,77.8,83.3,98.4,30.5,44.7,100.0,100.0,30.5,24.2,25.25,161.2,85.8,35.6,19.5,76.0,88.2,35.0,40.3,32.8,36.4,37.2,27.6,23.8,15.6,59.1,13.1,31.1,72.2,145.3,55.1,35.5,138.3,138.0,86.5,95.7,116.8,67.5,27.0,76.8,104.8,3.5,70.2,35.1,41.3,39.8,100.1,78.8,C:/Users/SAI/Downloads/NOMO-3d-400-scans_and_tc2_measurements/NOMO-3d-400-scans_and_tc2_measurements/nomo-scans/female_TC2Meas_txt/female_TC2Meas_txt/female_0088.txt
cm,14.2,100.8,78.8,77.5,90.8,102.7,30.5,44.6,102.5,102.6,33.4,29.8,27.03,166.0,86.5,35.7,19.6,87.8,102.6,37.1,40.8,33.0,36.0,36.1,33.7,24.3,15.6,57.9,13.9,31.5,71.8,144.5,58.9,35.4,138.3,137.3,101.4,97.5,120.0,67.0,26.8,90.6,104.3,4.0,71.0,33.5,40.1,39.8,102.5,78.0,C:/Users/SAI/Downloads/NOMO-3d-400-scans_and_tc2_measurements/NOMO-3d-400-scans_and_tc2_measurements/nomo-scans/female_TC2Meas_txt/female_TC2Meas_txt/female_0089.txt
cm,22.0,100.1,79.1,77.0,101.2,114.3,31.0,44.8,102.8,102.3,36.4,28.9,25.47,167.2,86.0,37.9,21.7,90.4,107.2,37.1,39.7,35.8,40.5,39.8,33.7,25.5,17.1,59.7,11.7,28.3,71.4,147.0,63.2,37.9,141.8,143.3,109.9,96.5,125.0,70.0,28.0,95.3,105.0,4.0,68.4,35.0,44.1,44.4,114.9,79.5,C:/Users/SAI/Downloads/NOMO-3d-400-scans_and_tc2_measurements/NOMO-3d-400-scans_and_tc2_measurements/nomo-scans/female_TC2Meas_txt/female_TC2Meas_txt/female_0090.txt
cm,20.1,102.1,78.8,78.0,96.6,100.7,29.0,43.7,104.5,104.3,34.9,27.9,25.44,170.3,89.0,36.2,19.5,87.2,97.1,37.8,42.0,35.1,35.5,34.5,27.2,23.5,16.1,57.0,12.8,30.2,69.7,147.3,51.7,39.6,142.3,142.6,99.8,99.4,123.1,69.3,27.7,88.9,105.8,4.0,69.4,35.2,45.3,39.5,99.9,79.5,C:/Users/SAI/Downloads/NOMO-3d-400-scans_and_tc2_measurements/NOMO-3d-400-scans_and_tc2_measurements/nomo-scans/female_TC2Meas_txt/female_TC2Meas_txt/female_0091.txt
cm,26.8,94.3,70.2,68.8,86.2,103.6,27.0,39.5,97.0,97.0,37.7,31.1,25.61,155.2,79.3,35.5,17.8,84.0,95.1,36.1,38.7,35.2,39.8,39.7,33.5,26.8,15.9,53.0,11.7,28.4,64.7,135.5,62.8,37.6,131.0,130.5,99.6,91.2,112.8,66.8,26.7,82.9,95.5,3.0,62.5,33.8,42.1,39.8,104.8,69.8,C:/Users/SAI/Downloads/NOMO-3d-400-scans_and_tc2_measurements/NOMO-3d-400-scans_and_tc2_measurements/nomo-scans/female_TC2Meas_txt/female_TC2Meas_txt/female_0092.txt
cm,23.9,99.8,81.6,80.7,82.3,91.7,33.5,47.7,102.1,101.5,27.8,24.6,25.80,167.5,88.7,34.8,18.7,74.7,92.8,34.9,38.7,30.6,33.8,33.8,28.6,22.2,15.4,57.5,11.4,26.5,68.9,147.2,51.7,35.9,140.7,140.9,85.0,97.3,125.2,66.5,26.6,72.0,107.3,4.5,73.2,33.4,40.4,36.6,94.6,80.7,C:/Users/SAI/Downloads/NOMO-3d-400-scans_and_tc2_measurements/NOMO-3d-400-scans_and_tc2_measurements/nomo-scans/female_TC2Meas_txt/female_TC2Meas_txt/female_0093.txt
cm,19.2,95.6,73.3,71.9,98.6,105.2,27.5,40.8,97.8,96.9,33.9,30.3,25.34,157.3,83.4,36.1,22.5,87.0,105.1,38.0,42.9,34.9,37.9,36.4,31.1,24.1,15.3,55.7,13.3,25.1,68.9,140.7,61.2,40.9,134.4,134.9,103.1,92.8,119.4,68.8,27.5,91.2,99.4,4.0,64.4,36.6,44.4,41.3,106.0,72.9,C:/Users/SAI/Downloads/NOMO-3d-400-scans_and_tc2_measurements/NOMO-3d-400-scans_and_tc2_measurements/nomo-scans/female_TC2Meas_txt/female_TC2Meas_txt/female_0094.txt
cm,26.0,96.8,73.6,71.2,101.7,116.6,27.0,40.3,99.3,99.5,38.9,28.5,28.17,159.1,83.2,38.7,20.6,90.5,101.5,34.1,43.4,36.2,41.6,41.5,37.7,30.9,17.0,55.3,14.1,27.7,69.4,144.2,68.4,39.6,138.0,137.7,111.4,93.2,118.7,73.0,29.2,96.4,100.4,4.0,63.3,37.9,44.5,45.5,119.4,73.7,C:/Users/SAI/Downloads/NOMO-3d-400-scans_and_tc2_measurements/NOMO-3d-400-scans_and_tc2_measurements/nomo-scans/female_TC2Meas_txt/female_TC2Meas_txt/female_0095.txt
cm,20.0,102.7,79.5,78.0,92.1,105.4,33.0,46.5,105.0,104.0,36.0,28.7,24.26,159.3,87.5,35.6,20.5,84.2,96.8,34.9,41.2,34.4,40.3,38.8,33.5,24.7,16.5,57.2,13.1,29.4,70.3,146.3,64.5,38.7,140.5,141.3,98.2,99.7,121.0,68.3,27.3,84.4,105.3,4.0,70.3,36.3,42.3,42.4,110.8,78.0,C:/Users/SAI/Downloads/NOMO-3d-400-scans_and_tc2_measurements/NOMO-3d-400-scans_and_tc2_measurements/nomo-scans/female_TC2Meas_txt/female_TC2Meas_txt/female_0096.txt
cm,27.1,109.1,87.0,85.8,101.4,114.5,35.5,50.6,112.3,111.4,38.6,28.8,34.85,173.2,94.3,32.9,16.9,93.1,110.8,36.6,42.5,37.2,40.5,40.5,32.9,26.9,17.0,60.3,15.0,33.0,75.3,155.3,67.4,44.8,149.6,149.3,106.2,106.1,132.8,69.5,27.8,94.1,113.6,4.5,77.3,36.4,42.8,43.1,116.0,86.8,C:/Users/SAI/Downloads/NOMO-3d-400-scans_and_tc2_measurements/NOMO-3d-400-scans_and_tc2_measurements/nomo-scans/female_TC2Meas_txt/female_TC2Meas_txt/female_0097.txt
cm,21.7,102.9,81.1,80.0,75.3,90.9,34.0,47.8,104.6,104.0,32.4,26.5,28.82,158.9,89.0,34.5,17.9,74.6,86.4,29.5,36.5,31.6,33.9,34.6,26.6,22.4,14.3,55.8,13.0,25.9,68.8,143.3,52.8,37.3,135.5,136.5,82.0,100.4,121.0,63.3,25.3,70.1,105.3,4.0,72.5,33.2,37.9,37.2,94.3,80.5,C:/Users/SAI/Downloads/NOMO-3d-400-scans_and_tc2_measurements/NOMO-3d-400-scans_and_tc2_measurements/nomo-scans/female_TC2Meas_txt/female_TC2Meas_txt/female_0098.txt
cm,19.2,93.0,74.5,73.2,90.9,103.0,28.5,41.9,94.5,94.1,30.7,25.6,23.59,161.1,80.2,34.8,19.3,85.4,101.5,38.2,40.1,32.5,37.1,36.5,30.0,25.0,16.3,53.9,12.8,28.3,66.7,138.2,57.7,36.6,131.7,132.0,92.9,90.0,115.7,65.0,26.0,82.1,99.2,4.0,64.9,34.3,40.6,41.1,105.0,73.7,C:/Users/SAI/Downloads/NOMO-3d-400-scans_and_tc2_measurements/NOMO-3d-400-scans_and_tc2_measurements/nomo-scans/female_TC2Meas_txt/female_TC2Meas_txt/female_0099.txt
cm,13.8,105.0,77.5,76.5,78.7,100.2,30.0,43.9,106.1,105.7,38.7,32.4,26.08,169.0,84.5,36.9,19.9,76.1,90.7,32.6,37.9,32.8,37.3,35.5,29.0,22.9,15.8,60.6,10.8,29.9,71.3,147.2,55.1,32.8,140.0,141.2,96.4,101.7,120.5,70.8,28.3,78.5,104.8,4.0,67.8,32.0,41.0,40.9,103.1,78.0,C:/Users/SAI/Downloads/NOMO-3d-400-scans_and_tc2_measurements/NOMO-3d-400-scans_and_tc2_measurements/nomo-scans/female_TC2Meas_txt/female_TC2Meas_txt/female_0100.txt
cm,20.9,99.3,79.5,78.3,86.7,95.7,32.0,45.9,101.3,100.5,30.3,25.3,23.23,158.7,85.8,37.7,18.2,78.0,96.2,38.6,41.7,32.7,35.8,36.7,31.0,24.1,15.2,56.5,12.9,26.9,69.4,141.8,55.5,39.7,136.0,135.5,89.5,96.8,118.3,63.5,25.4,79.1,103.7,4.0,68.8,36.2,44.5,38.7,99.2,78.3,C:/Users/SAI/Downloads/NOMO-3d-400-scans_and_tc2_measurements/NOMO-3d-400-scans_and_tc2_measurements/nomo-scans/female_TC2Meas_txt/female_TC2Meas_txt/female_0101.txt
cm,19.3,95.7,75.9,74.3,90.6,99.6,28.5,42.2,97.7,97.3,33.1,25.7,23.80,152.2,83.8,34.1,19.8,79.5,93.6,37.9,41.5,31.5,36.0,36.4,27.6,23.0,15.9,56.1,12.4,26.3,68.5,141.3,55.4,35.4,135.1,135.3,94.1,92.9,118.8,67.0,26.8,83.2,101.1,4.0,66.8,34.7,41.6,39.7,101.3,74.8,C:/Users/SAI/Downloads/NOMO-3d-400-scans_and_tc2_measurements/NOMO-3d-400-scans_and_tc2_measurements/nomo-scans/female_TC2Meas_txt/female_TC2Meas_txt/female_0102.txt
cm,22.9,91.8,72.6,71.4,81.8,94.2,29.0,41.7,93.8,93.4,29.2,25.1,23.73,156.3,80.4,37.9,17.4,70.5,86.1,32.0,39.3,33.4,34.2,33.6,26.8,22.7,15.2,52.5,12.0,24.6,64.5,137.6,55.7,36.8,130.1,130.1,86.0,89.2,115.9,66.3,26.5,74.8,97.9,4.0,63.9,34.1,40.2,37.5,98.0,71.9,C:/Users/SAI/Downloads/NOMO-3d-400-scans_and_tc2_measurements/NOMO-3d-400-scans_and_tc2_measurements/nomo-scans/female_TC2Meas_txt/female_TC2Meas_txt/female_0103.txt
cm,18.0,94.7,74.5,73.4,84.5,98.8,29.0,42.3,96.2,95.7,31.9,24.2,24.08,164.7,80.4,34.5,18.4,82.4,94.7,35.1,39.3,32.3,35.3,35.9,30.1,25.7,14.9,51.2,12.7,28.7,63.9,142.9,55.5,36.7,136.9,137.7,88.2,91.6,119.9,69.5,27.8,78.7,101.2,4.0,65.7,34.2,41.5,39.7,100.8,73.4,C:/Users/SAI/Downloads/NOMO-3d-400-scans_and_tc2_measurements/NOMO-3d-400-scans_and_tc2_measurements/nomo-scans/female_TC2Meas_txt/female_TC2Meas_txt/female_0104.txt
cm,22.1,103.0,78.7,77.7,84.4,102.3,30.0,44.3,104.8,104.8,36.0,28.6,24.48,166.8,87.2,36.1,17.7,79.9,89.9,35.4,38.3,32.3,38.9,37.3,29.0,26.5,16.2,56.4,11.8,30.2,68.2,147.9,59.2,36.5,142.7,142.2,89.7,100.3,121.2,70.3,28.1,77.9,105.8,4.0,69.1,34.1,41.0,40.4,106.3,79.2,C:/Users/SAI/Downloads/NOMO-3d-400-scans_and_tc2_measurements/NOMO-3d-400-scans_and_tc2_measurements/nomo-scans/female_TC2Meas_txt/female_TC2Meas_txt/female_0105.txt
cm,16.2,107.9,86.7,85.5,90.3,100.9,35.5,50.5,109.5,109.6,32.6,26.7,23.32,172.1,92.5,37.2,19.2,80.1,85.8,31.8,39.2,32.4,37.4,38.8,31.9,26.6,15.8,61.5,13.1,29.9,74.5,156.7,60.6,36.6,151.5,151.7,91.1,105.3,130.5,71.3,28.5,77.7,114.0,4.5,76.2,34.6,40.9,41.3,105.9,86.0,C:/Users/SAI/Downloads/NOMO-3d-400-scans_and_tc2_measurements/NOMO-3d-400-scans_and_tc2_measurements/nomo-scans/female_TC2Meas_txt/female_TC2Meas_txt/female_0106.txt
cm,24.9,93.4,74.0,72.7,88.3,105.2,28.0,41.4,96.3,95.5,32.7,24.9,24.18,156.7,81.2,35.7,18.1,85.2,92.4,35.9,39.9,33.0,42.1,39.3,32.2,25.6,15.8,53.2,12.4,27.2,65.6,139.2,62.7,35.0,132.7,132.7,95.7,90.4,116.7,66.5,26.6,84.4,99.3,4.0,65.2,33.2,39.2,41.5,107.2,72.7,C:/Users/SAI/Downloads/NOMO-3d-400-scans_and_tc2_measurements/NOMO-3d-400-scans_and_tc2_measurements/nomo-scans/female_TC2Meas_txt/female_TC2Meas_txt/female_0107.txt
cm,16.7,104.6,83.0,81.8,92.7,107.0,32.0,46.9,106.1,106.1,34.0,26.4,32.72,164.5,90.8,35.4,16.6,82.8,94.1,33.1,38.4,33.0,41.9,39.7,31.6,25.7,16.3,60.3,12.6,27.0,72.9,152.8,61.8,38.5,146.3,145.8,95.1,101.3,128.8,71.0,28.4,81.5,110.2,4.0,77.6,33.9,41.5,42.5,111.1,84.3,C:/Users/SAI/Downloads/NOMO-3d-400-scans_and_tc2_measurements/NOMO-3d-400-scans_and_tc2_measurements/nomo-scans/female_TC2Meas_txt/female_TC2Meas_txt/female_0108.txt
cm,22.6,90.8,72.7,71.4,77.0,82.0,28.0,41.0,92.9,92.5,29.0,23.3,21.67,143.6,79.9,32.1,18.2,69.9,84.1,30.8,34.1,29.0,32.3,31.3,23.8,20.7,14.0,50.1,10.8,21.2,60.9,129.9,47.0,33.0,125.7,125.4,79.2,88.2,111.9,58.5,23.4,71.0,94.8,4.0,64.5,30.6,37.2,31.8,82.6,71.4,C:/Users/SAI/Downloads/NOMO-3d-400-scans_and_tc2_measurements/NOMO-3d-400-scans_and_tc2_measurements/nomo-scans/female_TC2Meas_txt/female_TC2Meas_txt/female_0109.txt
cm,24.2,93.3,72.5,71.0,87.1,100.8,27.0,40.2,95.7,94.5,31.3,26.5,23.81,156.5,79.5,35.6,17.3,83.0,89.2,34.1,39.8,32.5,40.0,36.8,29.9,26.0,16.1,53.6,13.3,24.7,66.9,139.3,60.0,37.6,132.8,133.3,90.2,90.2,117.6,68.3,27.3,79.6,98.3,4.0,62.9,35.7,41.0,40.7,105.9,71.0,C:/Users/SAI/Downloads/NOMO-3d-400-scans_and_tc2_measurements/NOMO-3d-400-scans_and_tc2_measurements/nomo-scans/female_TC2Meas_txt/female_TC2Meas_txt/female_0110.txt
cm,24.3,90.0,71.2,69.8,82.9,102.7,28.5,40.9,91.5,91.4,31.5,22.4,33.25,153.8,78.8,36.1,16.3,77.3,92.0,32.9,36.6,33.1,37.8,38.1,29.0,23.1,15.0,51.8,12.4,26.1,64.2,132.8,61.3,35.9,128.3,128.1,87.3,86.6,111.3,63.0,25.2,79.5,95.0,3.5,62.8,33.7,40.8,40.8,105.6,69.8,C:/Users/SAI/Downloads/NOMO-3d-400-scans_and_tc2_measurements/NOMO-3d-400-scans_and_tc2_measurements/nomo-scans/female_TC2Meas_txt/female_TC2Meas_txt/female_0111.txt
cm,24.9,93.3,74.2,73.1,85.7,96.7,30.0,42.9,95.8,95.3,31.1,24.3,24.08,154.6,81.1,36.6,14.8,76.6,89.5,34.0,37.2,33.8,35.1,34.4,28.2,24.3,15.5,52.5,12.3,26.9,64.7,137.3,55.6,35.2,130.8,132.3,89.3,90.7,115.1,64.3,25.7,77.2,98.8,4.0,65.7,33.0,40.2,37.7,99.9,73.6,C:/Users/SAI/Downloads/NOMO-3d-400-scans_and_tc2_measurements/NOMO-3d-400-scans_and_tc2_measurements/nomo-scans/female_TC2Meas_txt/female_TC2Meas_txt/female_0112.txt
cm,24.5,97.6,77.2,76.0,76.7,98.4,29.5,43.4,99.5,99.7,32.9,25.1,24.39,161.1,83.5,33.1,19.2,73.5,82.4,32.1,38.5,30.4,41.0,38.1,28.5,23.9,14.7,56.2,13.4,26.4,69.6,142.5,57.9,32.5,134.7,135.0,81.6,94.5,119.5,66.5,26.6,69.6,102.6,4.0,69.1,32.0,38.1,38.6,101.5,76.5,C:/Users/SAI/Downloads/NOMO-3d-400-scans_and_tc2_measurements/NOMO-3d-400-scans_and_tc2_measurements/nomo-scans/female_TC2Meas_txt/female_TC2Meas_txt/female_0113.txt
cm,22.4,105.6,82.3,80.7,93.2,105.9,31.0,45.9,107.4,106.9,35.6,30.7,25.35,162.5,90.7,37.2,21.9,82.2,100.3,35.4,42.6,34.4,39.9,40.8,33.1,26.6,16.9,57.9,14.5,30.2,72.4,147.9,61.2,39.0,138.7,140.7,99.0,102.3,122.7,67.3,26.9,88.5,107.6,4.0,72.3,36.3,42.7,42.9,111.0,81.2,C:/Users/SAI/Downloads/NOMO-3d-400-scans_and_tc2_measurements/NOMO-3d-400-scans_and_tc2_measurements/nomo-scans/female_TC2Meas_txt/female_TC2Meas_txt/female_0114.txt
cm,12.4,100.3,78.6,77.3,96.5,102.7,30.5,44.5,102.1,101.8,35.9,26.9,25.93,158.7,86.8,38.8,20.4,92.2,101.8,38.1,40.5,36.8,36.0,35.6,33.8,25.0,16.3,58.6,11.8,32.6,70.4,142.3,58.0,35.1,136.6,136.3,101.0,97.0,113.8,65.0,26.0,91.8,103.3,3.5,70.1,34.0,41.9,41.2,105.1,77.8,C:/Users/SAI/Downloads/NOMO-3d-400-scans_and_tc2_measurements/NOMO-3d-400-scans_and_tc2_measurements/nomo-scans/female_TC2Meas_txt/female_TC2Meas_txt/female_0115.txt
cm,25.6,108.1,83.4,81.6,98.8,115.4,32.0,46.9,110.9,110.5,40.1,32.7,27.27,176.0,92.6,42.2,21.4,89.3,104.7,36.8,44.8,37.4,42.8,40.9,35.1,26.8,16.0,60.0,13.9,33.6,73.9,156.9,66.6,45.8,150.4,148.6,110.6,104.5,129.1,75.3,30.1,91.1,111.7,4.0,73.4,39.1,47.5,45.1,115.9,84.6,C:/Users/SAI/Downloads/NOMO-3d-400-scans_and_tc2_measurements/NOMO-3d-400-scans_and_tc2_measurements/nomo-scans/female_TC2Meas_txt/female_TC2Meas_txt/female_0116.txt
cm,15.9,104.3,86.2,84.5,90.4,106.5,33.0,48.5,105.4,104.7,28.0,23.0,25.44,164.1,91.5,36.9,19.7,83.3,96.1,35.4,39.9,33.2,39.1,36.7,29.1,24.1,16.1,60.5,12.7,25.4,73.1,151.3,62.8,39.2,143.8,145.0,91.3,101.5,127.0,66.8,26.7,81.4,111.2,4.0,76.9,35.1,42.9,42.5,110.7,86.0,C:/Users/SAI/Downloads/NOMO-3d-400-scans_and_tc2_measurements/NOMO-3d-400-scans_and_tc2_measurements/nomo-scans/female_TC2Meas_txt/female_TC2Meas_txt/female_0117.txt
cm,20.2,107.5,86.5,84.9,91.4,108.0,34.5,49.6,109.5,109.2,35.0,28.0,24.83,169.0,91.4,36.3,19.8,84.7,94.3,40.1,40.5,34.3,40.1,36.6,30.3,25.3,16.0,60.9,13.2,28.5,74.1,152.4,63.6,36.3,145.6,146.9,94.1,104.7,128.4,67.5,27.0,82.0,111.9,4.5,75.4,34.7,45.3,42.0,110.1,84.9,C:/Users/SAI/Downloads/NOMO-3d-400-scans_and_tc2_measurements/NOMO-3d-400-scans_and_tc2_measurements/nomo-scans/female_TC2Meas_txt/female_TC2Meas_txt/female_0118.txt
cm,21.6,105.1,81.4,80.3,90.0,105.8,32.0,46.5,107.4,106.7,36.8,30.3,26.34,166.5,89.3,40.5,20.3,84.4,104.4,35.3,43.0,38.3,41.7,42.1,33.5,25.8,16.6,56.2,12.9,28.1,69.1,149.1,64.6,41.6,140.8,140.8,101.2,101.8,126.3,68.8,27.5,87.8,107.8,4.0,73.2,35.7,41.4,41.0,108.9,81.3,C:/Users/SAI/Downloads/NOMO-3d-400-scans_and_tc2_measurements/NOMO-3d-400-scans_and_tc2_measurements/nomo-scans/female_TC2Meas_txt/female_TC2Meas_txt/female_0119.txt
cm,31.4,91.3,66.9,65.0,102.0,122.4,23.5,35.9,95.0,95.4,40.2,29.9,34.73,157.7,78.0,37.6,16.7,83.4,100.7,36.2,40.6,36.1,43.9,43.9,35.4,28.3,16.2,50.8,12.7,33.4,63.4,136.7,70.3,35.5,131.5,132.2,118.2,87.8,111.5,71.8,28.7,94.0,93.7,3.5,61.3,34.5,44.1,46.5,126.9,73.0,C:/Users/SAI/Downloads/NOMO-3d-400-scans_and_tc2_measurements/NOMO-3d-400-scans_and_tc2_measurements/nomo-scans/female_TC2Meas_txt/female_TC2Meas_txt/female_0120.txt
cm,17.3,101.7,78.7,77.5,91.0,100.3,29.0,43.5,103.7,102.9,35.0,28.0,25.34,166.3,86.5,36.3,16.7,80.5,91.8,36.2,43.2,34.1,41.3,39.4,30.2,24.2,15.9,57.1,13.7,29.9,70.8,146.4,61.4,37.5,138.4,138.7,94.7,98.8,121.0,69.0,27.6,83.7,105.1,4.0,68.7,35.8,43.3,41.5,106.1,78.0,C:/Users/SAI/Downloads/NOMO-3d-400-scans_and_tc2_measurements/NOMO-3d-400-scans_and_tc2_measurements/nomo-scans/female_TC2Meas_txt/female_TC2Meas_txt/female_0121.txt
cm,19.8,95.5,74.8,73.6,86.1,94.3,29.0,42.4,97.5,96.7,31.7,25.9,23.74,146.0,82.6,35.2,16.3,75.4,91.4,32.2,39.3,33.1,34.2,33.3,28.8,23.7,15.5,54.9,13.0,29.5,67.9,141.6,52.5,39.8,134.6,134.6,89.9,92.5,117.1,68.0,27.2,77.5,100.8,4.0,66.5,33.6,40.3,37.3,96.1,74.6,C:/Users/SAI/Downloads/NOMO-3d-400-scans_and_tc2_measurements/NOMO-3d-400-scans_and_tc2_measurements/nomo-scans/female_TC2Meas_txt/female_TC2Meas_txt/female_0122.txt
cm,25.4,94.8,74.5,72.9,85.8,98.1,28.5,41.8,97.0,96.7,32.3,24.4,22.86,158.3,82.9,31.7,20.4,77.5,100.6,34.8,38.6,30.0,35.6,34.6,29.9,24.5,15.5,51.8,14.0,31.0,65.9,140.4,56.5,39.3,133.7,135.4,89.2,92.1,118.9,67.5,27.0,79.5,99.9,3.5,65.2,34.2,36.9,39.5,101.8,73.9,C:/Users/SAI/Downloads/NOMO-3d-400-scans_and_tc2_measurements/NOMO-3d-400-scans_and_tc2_measurements/nomo-scans/female_TC2Meas_txt/female_TC2Meas_txt/female_0123.txt
cm,19.3,99.6,77.1,76.1,91.5,111.0,29.5,43.5,101.6,101.2,34.3,27.8,30.06,167.8,85.1,37.3,21.0,83.2,101.8,36.2,41.3,33.9,42.8,43.6,32.3,26.4,16.6,57.1,12.1,29.5,69.2,145.6,61.9,38.1,138.1,138.6,104.1,95.9,120.1,69.5,27.8,82.5,103.9,4.0,68.7,35.0,43.4,42.6,111.4,79.6,C:/Users/SAI/Downloads/NOMO-3d-400-scans_and_tc2_measurements/NOMO-3d-400-scans_and_tc2_measurements/nomo-scans/female_TC2Meas_txt/female_TC2Meas_txt/female_0124.txt
cm,22.5,97.6,75.3,74.0,79.7,97.5,29.0,42.5,99.1,98.9,33.4,26.7,24.51,156.4,82.5,35.2,16.7,77.2,97.1,34.2,39.6,32.2,36.3,36.1,28.7,23.1,14.4,52.4,13.1,25.6,65.5,140.8,58.1,42.3,133.8,134.0,88.7,94.8,120.5,66.8,26.7,72.3,100.7,4.0,66.0,34.9,41.5,39.9,102.3,74.0,C:/Users/SAI/Downloads/NOMO-3d-400-scans_and_tc2_measurements/NOMO-3d-400-scans_and_tc2_measurements/nomo-scans/female_TC2Meas_txt/female_TC2Meas_txt/female_0125.txt
cm,22.4,94.9,74.8,73.8,87.1,99.1,29.0,42.4,96.9,97.1,32.6,25.1,31.88,146.7,83.3,35.7,19.5,80.7,91.2,35.3,40.0,32.4,37.1,36.4,28.6,22.1,14.6,54.7,12.6,26.4,67.3,139.3,56.0,36.0,134.1,133.1,88.4,92.2,115.8,65.5,26.2,80.4,100.0,4.0,70.6,35.3,40.4,38.3,100.4,75.8,C:/Users/SAI/Downloads/NOMO-3d-400-scans_and_tc2_measurements/NOMO-3d-400-scans_and_tc2_measurements/nomo-scans/female_TC2Meas_txt/female_TC2Meas_txt/female_0126.txt
cm,23.2,96.2,75.6,73.8,91.7,108.6,30.5,43.5,98.3,97.4,33.5,25.2,25.15,161.9,81.8,36.0,16.9,86.1,101.6,38.2,41.9,33.1,37.2,40.8,32.6,26.5,15.5,55.1,12.9,30.0,68.0,142.1,65.4,36.5,136.3,135.8,98.9,93.1,117.3,68.3,27.3,85.3,101.1,3.5,66.1,35.6,41.6,44.1,114.3,73.8,C:/Users/SAI/Downloads/NOMO-3d-400-scans_and_tc2_measurements/NOMO-3d-400-scans_and_tc2_measurements/nomo-scans/female_TC2Meas_txt/female_TC2Meas_txt/female_0127.txt
cm,19.9,99.9,77.5,76.4,105.5,105.1,30.0,43.9,102.4,102.0,34.2,31.5,23.92,163.0,86.9,38.6,19.6,82.2,98.9,39.3,41.0,35.9,38.1,36.9,30.4,25.0,15.8,56.4,13.1,31.0,69.5,145.4,56.7,35.7,138.4,139.1,108.0,96.2,118.9,69.0,27.6,95.5,104.0,4.0,67.9,35.3,43.2,38.3,102.0,78.9,C:/Users/SAI/Downloads/NOMO-3d-400-scans_and_tc2_measurements/NOMO-3d-400-scans_and_tc2_measurements/nomo-scans/female_TC2Meas_txt/female_TC2Meas_txt/female_0128.txt
cm,25.1,86.7,70.8,69.3,83.1,93.1,27.0,39.7,89.1,88.8,31.2,18.2,22.43,153.4,78.8,33.7,18.7,81.1,91.6,32.5,37.7,30.8,36.5,35.3,31.1,24.4,14.5,49.1,12.1,27.9,61.2,133.1,56.7,35.6,125.8,127.3,83.8,84.4,109.3,63.8,25.5,75.7,94.8,3.5,61.6,33.0,37.4,36.9,97.2,69.3,C:/Users/SAI/Downloads/NOMO-3d-400-scans_and_tc2_measurements/NOMO-3d-400-scans_and_tc2_measurements/nomo-scans/female_TC2Meas_txt/female_TC2Meas_txt/female_0129.txt
cm,18.0,91.1,73.0,71.5,83.9,92.6,27.5,40.7,93.1,93.4,30.4,23.6,30.22,149.5,80.5,35.7,18.8,87.6,97.8,36.6,38.3,33.4,34.4,36.9,30.5,22.1,14.7,55.5,12.0,28.9,67.5,137.6,54.1,35.3,132.3,132.1,87.5,88.0,113.1,66.0,26.4,88.6,98.0,3.5,64.3,33.6,40.4,33.8,92.8,74.5,C:/Users/SAI/Downloads/NOMO-3d-400-scans_and_tc2_measurements/NOMO-3d-400-scans_and_tc2_measurements/nomo-scans/female_TC2Meas_txt/female_TC2Meas_txt/female_0130.txt
cm,27.3,104.6,79.5,77.5,99.0,120.3,32.5,46.0,107.7,106.6,41.7,33.6,28.01,171.6,87.0,39.2,16.2,87.3,102.0,36.9,43.1,35.1,44.9,45.1,36.1,29.3,17.8,56.2,13.4,32.0,69.6,151.5,72.4,39.9,144.3,145.0,114.1,100.7,125.5,74.0,29.6,89.3,107.1,3.5,70.2,37.0,47.5,47.6,122.3,77.5,C:/Users/SAI/Downloads/NOMO-3d-400-scans_and_tc2_measurements/NOMO-3d-400-scans_and_tc2_measurements/nomo-scans/female_TC2Meas_txt/female_TC2Meas_txt/female_0131.txt
cm,24.1,104.7,84.9,83.6,86.3,104.9,31.5,47.1,106.5,107.4,34.0,25.9,26.64,173.9,91.6,34.4,21.0,88.6,100.5,35.7,39.5,31.7,39.9,37.9,30.4,25.1,15.8,59.1,13.1,27.4,72.2,154.3,63.9,40.5,147.8,148.1,93.1,101.7,133.6,70.8,28.3,74.2,111.9,4.0,76.3,35.5,41.6,42.1,108.4,84.1,C:/Users/SAI/Downloads/NOMO-3d-400-scans_and_tc2_measurements/NOMO-3d-400-scans_and_tc2_measurements/nomo-scans/female_TC2Meas_txt/female_TC2Meas_txt/female_0132.txt
cm,22.8,93.9,70.5,69.3,82.0,99.8,25.0,38.3,95.0,95.6,34.6,28.7,23.98,153.9,80.3,36.0,20.6,84.7,101.6,34.9,41.1,33.4,38.6,37.8,30.5,23.8,15.3,50.5,13.1,27.7,63.6,133.8,59.2,42.4,128.3,127.8,95.6,90.4,113.8,64.5,25.8,81.5,95.1,3.0,62.4,35.3,40.9,39.4,104.0,71.3,C:/Users/SAI/Downloads/NOMO-3d-400-scans_and_tc2_measurements/NOMO-3d-400-scans_and_tc2_measurements/nomo-scans/female_TC2Meas_txt/female_TC2Meas_txt/female_0133.txt
cm,20.0,95.6,73.0,71.8,88.4,102.7,28.5,41.5,97.6,97.4,35.0,25.9,24.68,158.9,79.3,35.1,18.9,83.8,97.8,32.9,38.0,32.5,39.1,36.3,30.7,24.8,15.2,53.1,11.8,23.0,64.9,141.3,58.8,41.8,136.0,134.3,96.6,92.7,122.8,69.5,27.8,81.1,99.6,3.5,65.0,33.7,40.4,40.0,103.6,73.3,C:/Users/SAI/Downloads/NOMO-3d-400-scans_and_tc2_measurements/NOMO-3d-400-scans_and_tc2_measurements/nomo-scans/female_TC2Meas_txt/female_TC2Meas_txt/female_0134.txt
cm,21.5,102.7,77.8,76.4,87.9,104.1,30.0,43.9,105.1,103.9,38.2,31.3,26.81,164.1,86.9,33.5,21.6,77.7,101.4,31.5,38.2,31.2,40.0,40.7,31.9,24.1,14.4,55.6,12.2,28.8,67.9,145.2,64.6,40.2,139.4,139.2,100.7,99.8,122.4,68.8,27.5,84.3,103.9,4.0,68.3,33.9,38.2,43.3,111.3,77.4,C:/Users/SAI/Downloads/NOMO-3d-400-scans_and_tc2_measurements/NOMO-3d-400-scans_and_tc2_measurements/nomo-scans/female_TC2Meas_txt/female_TC2Meas_txt/female_0135.txt
cm,15.6,96.1,78.2,77.0,96.6,100.8,29.5,43.7,98.4,98.2,30.2,25.4,24.68,162.6,86.0,36.7,16.8,91.2,101.7,35.3,43.3,34.4,38.0,36.0,31.8,24.8,15.6,55.2,13.5,30.1,68.7,143.9,58.6,40.0,135.4,137.4,96.3,93.6,118.0,67.0,26.8,87.6,103.8,3.5,69.5,36.3,44.3,39.3,100.5,77.0,C:/Users/SAI/Downloads/NOMO-3d-400-scans_and_tc2_measurements/NOMO-3d-400-scans_and_tc2_measurements/nomo-scans/female_TC2Meas_txt/female_TC2Meas_txt/female_0136.txt
cm,13.0,101.0,78.9,78.0,86.4,97.3,29.5,44.0,102.1,101.8,32.1,26.6,26.23,166.2,86.0,34.2,20.9,76.8,96.3,36.8,40.1,31.1,37.4,35.8,28.7,23.7,16.1,60.1,12.2,29.4,72.3,148.8,52.9,38.5,141.8,142.5,92.4,98.5,124.0,70.8,28.3,70.9,106.3,4.0,70.4,34.4,44.1,39.5,99.8,78.0,C:/Users/SAI/Downloads/NOMO-3d-400-scans_and_tc2_measurements/NOMO-3d-400-scans_and_tc2_measurements/nomo-scans/female_TC2Meas_txt/female_TC2Meas_txt/female_0137.txt
cm,24.7,91.7,72.9,71.6,87.3,105.9,28.0,41.1,93.9,93.8,32.0,23.3,25.01,157.1,79.6,34.7,20.3,82.0,100.9,38.4,41.3,32.3,37.6,36.8,32.2,26.0,16.7,53.9,13.4,26.6,67.4,139.4,60.8,39.8,133.1,133.1,93.5,88.4,117.6,67.8,27.1,78.0,98.7,4.0,64.1,36.4,43.2,41.7,108.0,72.1,C:/Users/SAI/Downloads/NOMO-3d-400-scans_and_tc2_measurements/NOMO-3d-400-scans_and_tc2_measurements/nomo-scans/female_TC2Meas_txt/female_TC2Meas_txt/female_0138.txt
cm,19.6,90.7,72.1,70.4,80.8,92.5,29.0,41.4,92.2,91.9,28.6,25.0,23.68,153.6,77.4,36.1,19.3,72.2,92.3,31.5,39.4,35.4,35.2,33.2,28.8,22.5,14.2,50.8,12.3,27.2,63.1,134.9,51.9,38.3,128.9,129.9,82.6,87.9,113.9,64.5,25.8,71.7,96.2,4.0,63.4,33.8,39.6,36.9,94.9,70.4,C:/Users/SAI/Downloads/NOMO-3d-400-scans_and_tc2_measurements/NOMO-3d-400-scans_and_tc2_measurements/nomo-scans/female_TC2Meas_txt/female_TC2Meas_txt/female_0139.txt
cm,18.4,91.2,72.2,71.0,85.6,100.7,29.0,41.6,92.3,92.6,29.9,23.2,24.51,155.3,79.5,34.7,17.0,76.5,88.8,32.6,39.6,32.5,37.3,38.1,31.0,24.3,16.3,54.1,13.2,26.5,67.4,138.8,57.6,37.0,132.3,131.5,90.0,88.1,115.5,67.8,27.1,77.0,98.1,4.0,63.0,34.8,40.4,41.9,104.4,71.0,C:/Users/SAI/Downloads/NOMO-3d-400-scans_and_tc2_measurements/NOMO-3d-400-scans_and_tc2_measurements/nomo-scans/female_TC2Meas_txt/female_TC2Meas_txt/female_0140.txt
cm,21.7,91.1,71.4,70.0,71.3,84.9,28.0,40.6,92.8,92.6,28.5,24.7,22.03,154.0,78.0,33.5,17.5,70.6,81.6,31.2,34.6,30.6,32.3,31.3,23.4,20.7,13.2,51.7,10.9,26.2,62.6,136.5,45.8,30.8,131.2,131.5,75.4,88.7,113.5,66.5,26.6,65.3,96.6,3.0,62.0,30.3,35.3,33.9,85.5,70.0,C:/Users/SAI/Downloads/NOMO-3d-400-scans_and_tc2_measurements/NOMO-3d-400-scans_and_tc2_measurements/nomo-scans/female_TC2Meas_txt/female_TC2Meas_txt/female_0141.txt
cm,22.1,94.7,75.4,74.3,76.1,90.8,30.0,43.3,96.4,95.9,28.7,23.7,22.02,156.6,82.8,34.3,16.6,75.1,86.8,30.9,37.9,30.8,34.7,34.8,26.5,22.7,14.9,53.9,11.6,26.5,65.5,139.6,50.5,38.3,133.1,132.3,79.5,92.3,117.8,65.3,26.1,69.8,100.4,4.0,66.8,31.9,38.8,36.7,94.3,74.3,C:/Users/SAI/Downloads/NOMO-3d-400-scans_and_tc2_measurements/NOMO-3d-400-scans_and_tc2_measurements/nomo-scans/female_TC2Meas_txt/female_TC2Meas_txt/female_0142.txt
cm,25.7,91.8,72.1,71.0,80.4,98.1,28.0,40.9,93.8,93.1,32.1,24.9,28.17,151.8,78.5,36.0,14.4,76.4,89.8,31.8,39.5,35.0,35.6,36.2,29.3,22.8,14.4,53.3,12.7,27.9,65.9,136.8,55.3,36.3,128.5,131.0,82.2,89.1,114.0,65.8,26.3,71.6,97.3,4.0,63.4,33.7,38.8,39.0,102.7,72.5,C:/Users/SAI/Downloads/NOMO-3d-400-scans_and_tc2_measurements/NOMO-3d-400-scans_and_tc2_measurements/nomo-scans/female_TC2Meas_txt/female_TC2Meas_txt/female_0143.txt
cm,27.7,109.1,85.8,84.6,87.6,106.7,34.0,49.2,111.8,111.4,36.8,29.4,25.30,178.2,94.1,38.0,20.6,81.9,96.9,34.3,42.1,34.0,40.7,37.6,30.7,26.0,15.5,57.7,13.9,27.0,71.5,157.3,62.8,41.5,149.6,149.3,97.5,106.0,133.6,72.8,29.1,78.8,113.7,4.0,76.2,37.1,44.7,41.1,108.6,84.6,C:/Users/SAI/Downloads/NOMO-3d-400-scans_and_tc2_measurements/NOMO-3d-400-scans_and_tc2_measurements/nomo-scans/female_TC2Meas_txt/female_TC2Meas_txt/female_0144.txt
cm,21.9,102.0,81.9,80.8,86.1,100.4,32.0,46.7,103.9,103.3,31.2,25.4,23.68,168.2,89.3,36.2,21.5,76.4,91.4,30.1,41.3,32.6,35.1,35.0,27.4,22.7,14.0,56.2,13.5,26.7,69.7,150.6,58.4,41.3,142.6,143.8,88.1,99.3,127.8,69.8,27.9,74.8,108.7,4.0,73.2,36.5,40.5,41.0,104.2,81.3,C:/Users/SAI/Downloads/NOMO-3d-400-scans_and_tc2_measurements/NOMO-3d-400-scans_and_tc2_measurements/nomo-scans/female_TC2Meas_txt/female_TC2Meas_txt/female_0145.txt
cm,24.4,103.4,80.1,79.2,90.4,101.3,31.0,45.4,106.1,105.5,35.0,29.8,25.20,164.4,87.2,35.0,16.1,81.1,96.9,33.5,44.0,33.0,39.4,37.4,30.5,23.6,16.5,58.1,14.5,27.9,72.6,144.9,55.2,38.3,135.9,135.9,96.2,100.7,121.7,65.8,26.3,87.7,105.5,3.5,71.3,36.2,39.0,40.4,103.8,82.2,C:/Users/SAI/Downloads/NOMO-3d-400-scans_and_tc2_measurements/NOMO-3d-400-scans_and_tc2_measurements/nomo-scans/female_TC2Meas_txt/female_TC2Meas_txt/female_0146.txt
cm,14.9,97.5,74.6,73.5,91.5,99.9,26.5,40.6,99.2,98.9,34.9,29.1,25.99,157.8,82.5,36.3,18.9,83.9,95.4,33.0,32.7,35.0,39.1,35.9,30.9,23.5,15.2,58.0,9.4,29.3,67.3,142.2,56.4,29.0,138.0,138.2,97.9,94.2,117.5,68.8,27.5,88.8,101.0,3.5,65.7,29.2,41.1,39.3,100.4,75.5,C:/Users/SAI/Downloads/NOMO-3d-400-scans_and_tc2_measurements/NOMO-3d-400-scans_and_tc2_measurements/nomo-scans/female_TC2Meas_txt/female_TC2Meas_txt/female_0147.txt
cm,21.0,90.1,73.8,72.7,93.9,105.0,29.0,42.1,91.8,91.9,27.9,22.1,23.96,154.3,80.2,36.7,18.2,83.7,97.8,35.4,40.2,33.6,39.3,37.6,30.7,25.7,15.8,53.3,13.1,28.7,66.4,137.2,61.1,39.1,129.9,130.4,96.2,86.8,114.2,64.5,25.8,86.4,98.5,4.0,65.0,35.5,41.6,42.7,107.9,73.2,C:/Users/SAI/Downloads/NOMO-3d-400-scans_and_tc2_measurements/NOMO-3d-400-scans_and_tc2_measurements/nomo-scans/female_TC2Meas_txt/female_TC2Meas_txt/female_0148.txt
cm,22.3,105.7,80.3,78.8,91.4,98.7,31.0,45.3,108.3,107.6,38.9,32.2,23.62,171.0,88.8,36.3,21.2,87.1,105.8,35.6,43.4,33.6,36.3,35.2,31.6,24.9,16.2,55.4,14.5,29.9,69.9,150.3,58.6,42.9,143.8,143.1,98.4,102.3,127.8,71.5,28.6,88.7,107.4,4.0,70.0,37.9,43.0,39.0,102.7,79.3,C:/Users/SAI/Downloads/NOMO-3d-400-scans_and_tc2_measurements/NOMO-3d-400-scans_and_tc2_measurements/nomo-scans/female_TC2Meas_txt/female_TC2Meas_txt/female_0149.txt
cm,20.2,96.8,73.9,72.5,76.6,89.2,28.0,41.3,98.8,98.1,34.5,28.2,28.96,153.0,82.0,33.0,17.7,75.1,86.9,34.5,35.6,31.3,36.9,36.5,27.1,24.4,15.6,53.6,11.4,26.6,65.1,136.2,52.0,30.6,130.2,130.2,82.7,94.1,114.0,63.8,25.5,74.3,98.0,4.0,68.9,30.0,36.0,34.9,90.6,76.0,C:/Users/SAI/Downloads/NOMO-3d-400-scans_and_tc2_measurements/NOMO-3d-400-scans_and_tc2_measurements/nomo-scans/female_TC2Meas_txt/female_TC2Meas_txt/female_0150.txt
cm,13.5,95.7,77.0,75.5,90.2,95.5,31.0,44.4,97.6,97.2,29.9,24.0,22.61,158.3,85.0,38.0,19.2,81.9,96.4,36.3,39.4,36.6,35.2,33.8,28.9,24.4,14.9,56.6,11.5,26.6,68.1,141.0,54.9,38.9,136.3,136.5,92.8,92.8,119.0,65.5,26.2,85.1,101.7,4.0,68.2,35.2,43.5,38.5,97.1,76.0,C:/Users/SAI/Downloads/NOMO-3d-400-scans_and_tc2_measurements/NOMO-3d-400-scans_and_tc2_measurements/nomo-scans/female_TC2Meas_txt/female_TC2Meas_txt/female_0151.txt
cm,19.0,97.6,78.1,76.6,88.2,102.6,30.0,44.0,99.2,98.7,32.6,24.5,23.12,164.2,83.1,36.3,15.9,80.6,90.2,34.7,39.4,32.9,36.4,35.4,28.6,23.2,15.5,54.9,13.2,28.7,68.1,144.6,57.7,36.8,139.1,138.4,92.8,94.7,120.6,68.0,27.2,78.7,103.8,4.0,67.9,34.4,41.5,40.5,105.7,77.6,C:/Users/SAI/Downloads/NOMO-3d-400-scans_and_tc2_measurements/NOMO-3d-400-scans_and_tc2_measurements/nomo-scans/female_TC2Meas_txt/female_TC2Meas_txt/female_0152.txt
cm,16.1,91.8,69.8,68.0,91.0,99.7,26.5,39.0,93.5,93.2,33.4,28.0,22.69,155.7,78.0,37.0,19.6,80.9,98.1,35.0,39.0,34.6,33.7,35.4,31.7,24.2,16.0,51.8,11.7,27.0,63.5,136.3,55.1,35.6,129.8,129.5,100.0,88.4,113.0,68.3,27.3,85.1,95.3,3.5,59.7,33.6,40.3,39.3,100.3,68.0,C:/Users/SAI/Downloads/NOMO-3d-400-scans_and_tc2_measurements/NOMO-3d-400-scans_and_tc2_measurements/nomo-scans/female_TC2Meas_txt/female_TC2Meas_txt/female_0153.txt
cm,22.7,90.4,70.3,69.1,92.8,101.3,27.5,40.0,92.5,91.6,32.8,26.6,26.34,150.6,76.1,35.8,18.9,79.1,89.9,34.5,35.5,34.1,42.1,36.8,32.0,25.4,16.4,55.7,10.5,32.4,66.2,136.1,59.5,30.2,129.6,129.3,94.9,87.0,106.1,67.0,26.8,84.3,95.9,3.5,62.6,29.9,38.5,41.6,106.6,69.1,C:/Users/SAI/Downloads/NOMO-3d-400-scans_and_tc2_measurements/NOMO-3d-400-scans_and_tc2_measurements/nomo-scans/female_TC2Meas_txt/female_TC2Meas_txt/female_0154.txt
cm,12.2,95.3,74.8,73.6,94.3,99.8,29.5,42.7,97.2,97.4,33.3,25.8,23.76,157.4,82.1,36.3,17.9,90.5,103.6,36.6,39.6,34.2,39.1,36.7,30.9,24.3,16.3,53.9,14.1,28.9,68.0,137.1,56.0,37.1,129.4,129.9,98.6,92.2,114.6,63.5,25.4,90.9,99.0,3.5,65.4,32.8,36.4,38.3,100.3,78.6,C:/Users/SAI/Downloads/NOMO-3d-400-scans_and_tc2_measurements/NOMO-3d-400-scans_and_tc2_measurements/nomo-scans/female_TC2Meas_txt/female_TC2Meas_txt/female_0155.txt
cm,19.6,100.7,77.8,76.7,84.5,91.5,29.5,43.7,102.8,101.8,32.6,28.2,21.80,158.2,86.7,35.7,17.4,75.0,90.2,32.1,35.5,33.7,34.4,32.3,28.4,22.7,14.8,57.3,11.6,29.6,68.9,141.2,49.5,32.0,134.5,135.0,89.6,98.1,116.2,64.5,25.8,80.5,102.5,4.0,69.6,30.7,39.5,35.8,90.8,76.7,C:/Users/SAI/Downloads/NOMO-3d-400-scans_and_tc2_measurements/NOMO-3d-400-scans_and_tc2_measurements/nomo-scans/female_TC2Meas_txt/female_TC2Meas_txt/female_0156.txt
cm,21.8,93.8,77.5,76.1,79.1,97.9,30.0,43.8,95.1,94.6,28.1,20.7,21.71,157.6,81.6,32.1,16.0,68.2,84.6,33.3,36.9,29.5,33.7,32.2,26.5,19.8,13.3,56.3,12.3,25.7,68.6,139.4,56.3,33.5,134.4,132.6,78.2,91.1,117.6,63.3,25.3,68.2,101.4,4.0,68.4,32.4,39.9,39.3,101.7,76.6,C:/Users/SAI/Downloads/NOMO-3d-400-scans_and_tc2_measurements/NOMO-3d-400-scans_and_tc2_measurements/nomo-scans/female_TC2Meas_txt/female_TC2Meas_txt/female_0157.txt
cm,24.3,99.2,79.9,78.6,77.0,94.7,32.5,46.3,101.3,100.8,30.5,24.6,22.76,163.4,85.1,34.6,16.6,75.9,84.3,34.4,39.4,30.8,35.4,35.0,26.0,22.2,15.2,60.8,12.5,24.9,73.3,144.8,53.8,32.4,137.8,137.8,81.3,96.3,122.1,66.3,26.5,67.0,105.1,3.5,69.8,32.5,38.7,38.5,98.9,79.1,C:/Users/SAI/Downloads/NOMO-3d-400-scans_and_tc2_measurements/NOMO-3d-400-scans_and_tc2_measurements/nomo-scans/female_TC2Meas_txt/female_TC2Meas_txt/female_0158.txt
cm,17.3,96.8,77.2,76.1,83.3,93.4,31.0,44.5,98.3,98.1,29.7,24.6,26.29,161.9,84.6,37.1,19.9,78.3,93.9,33.8,39.8,33.1,36.5,35.1,27.3,23.1,15.5,54.0,11.8,29.1,65.7,145.6,52.3,39.8,139.8,139.1,85.4,94.3,122.6,69.5,27.8,72.2,103.9,4.0,68.3,35.2,42.0,38.0,96.2,76.1,C:/Users/SAI/Downloads/NOMO-3d-400-scans_and_tc2_measurements/NOMO-3d-400-scans_and_tc2_measurements/nomo-scans/female_TC2Meas_txt/female_TC2Meas_txt/female_0159.txt
cm,22.4,91.7,71.4,70.0,83.3,96.5,28.5,41.0,93.4,93.6,29.9,25.6,24.05,153.2,78.0,34.1,19.0,73.3,87.8,34.3,38.3,30.9,36.4,34.4,28.6,23.1,14.8,50.2,12.0,24.9,62.2,135.0,57.1,34.2,129.3,128.3,88.9,88.8,113.0,65.0,26.0,74.9,96.0,3.5,62.9,33.0,38.2,38.9,99.5,70.0,C:/Users/SAI/Downloads/NOMO-3d-400-scans_and_tc2_measurements/NOMO-3d-400-scans_and_tc2_measurements/nomo-scans/female_TC2Meas_txt/female_TC2Meas_txt/female_0160.txt
cm,24.7,94.1,74.9,73.6,90.4,102.3,27.5,41.3,96.3,96.4,31.3,24.2,23.93,165.0,84.6,37.2,18.3,78.6,89.3,36.4,40.6,31.9,39.3,38.6,30.8,25.1,15.4,56.9,12.7,31.0,69.6,145.1,61.6,34.5,137.3,138.8,94.5,91.2,117.6,71.5,28.6,80.1,102.2,4.0,66.3,34.4,41.5,43.5,110.7,75.1,C:/Users/SAI/Downloads/NOMO-3d-400-scans_and_tc2_measurements/NOMO-3d-400-scans_and_tc2_measurements/nomo-scans/female_TC2Meas_txt/female_TC2Meas_txt/female_0161.txt
cm,24.7,94.1,74.9,73.6,90.4,102.3,27.5,41.3,96.3,96.4,31.3,24.2,23.93,165.0,84.6,37.2,18.3,78.6,89.3,36.4,40.6,31.9,39.3,38.6,30.8,25.1,15.4,56.9,12.7,31.0,69.6,145.1,61.6,34.5,137.3,138.8,94.5,91.2,117.6,71.5,28.6,80.1,102.2,4.0,66.3,34.4,41.5,43.5,110.7,75.1,C:/Users/SAI/Downloads/NOMO-3d-400-scans_and_tc2_measurements/NOMO-3d-400-scans_and_tc2_measurements/nomo-scans/female_TC2Meas_txt/female_TC2Meas_txt/female_0161_promt.txt
cm,16.8,91.0,71.6,70.3,87.8,101.0,27.5,40.3,92.5,92.1,32.1,23.8,25.27,153.8,78.3,35.5,14.2,80.9,90.6,35.0,38.0,34.0,38.0,34.6,30.7,24.7,17.0,53.4,12.6,26.8,66.0,136.3,58.5,37.3,131.0,130.8,92.1,87.8,113.8,66.0,26.4,81.3,96.7,4.0,63.3,34.3,40.7,40.1,103.0,72.8,C:/Users/SAI/Downloads/NOMO-3d-400-scans_and_tc2_measurements/NOMO-3d-400-scans_and_tc2_measurements/nomo-scans/female_TC2Meas_txt/female_TC2Meas_txt/female_0162.txt
cm,27.6,93.1,76.8,74.9,98.6,107.9,30.0,43.5,95.8,95.0,30.1,24.3,25.05,159.4,82.9,38.8,19.2,85.1,100.1,35.3,40.8,34.0,38.2,36.9,30.6,24.8,14.3,54.8,12.2,28.3,67.0,140.9,63.2,36.5,134.2,133.2,100.8,89.9,115.9,66.0,26.4,90.3,101.3,4.0,67.0,34.2,40.9,41.4,108.5,75.9,C:/Users/SAI/Downloads/NOMO-3d-400-scans_and_tc2_measurements/NOMO-3d-400-scans_and_tc2_measurements/nomo-scans/female_TC2Meas_txt/female_TC2Meas_txt/female_0163.txt
cm,24.5,96.8,77.6,76.0,79.0,92.4,31.5,44.9,98.9,98.3,30.7,24.2,20.84,157.6,84.0,34.6,16.6,71.3,86.2,34.0,36.2,30.6,32.5,31.6,27.0,21.3,14.4,56.2,11.3,27.2,67.4,140.0,51.4,35.8,134.8,133.8,81.6,94.4,115.5,64.0,25.6,69.4,101.6,3.5,68.5,32.3,39.7,36.4,93.2,76.0,C:/Users/SAI/Downloads/NOMO-3d-400-scans_and_tc2_measurements/NOMO-3d-400-scans_and_tc2_measurements/nomo-scans/female_TC2Meas_txt/female_TC2Meas_txt/female_0164.txt
cm,19.7,104.8,82.9,81.9,88.8,100.1,34.0,48.4,107.2,106.6,34.0,28.0,26.10,167.9,89.4,36.7,17.5,83.5,95.1,34.2,38.3,34.0,39.1,36.3,29.0,23.6,15.4,60.3,12.2,28.1,72.5,149.4,60.0,36.2,143.9,144.6,93.4,102.0,127.9,67.5,27.0,81.2,108.9,4.0,74.4,33.3,40.9,38.9,102.4,82.9,C:/Users/SAI/Downloads/NOMO-3d-400-scans_and_tc2_measurements/NOMO-3d-400-scans_and_tc2_measurements/nomo-scans/female_TC2Meas_txt/female_TC2Meas_txt/female_0165.txt
cm,19.8,100.1,78.8,77.4,101.5,105.1,29.5,43.9,102.6,102.3,34.9,28.0,25.18,162.0,86.4,40.5,21.2,91.7,108.7,36.7,45.1,38.6,37.1,36.2,32.1,24.7,16.6,51.2,14.8,31.9,66.0,145.1,59.0,42.9,138.1,137.4,105.8,97.0,120.4,67.8,27.1,95.4,104.5,3.5,69.5,39.6,45.4,39.6,104.1,77.4,C:/Users/SAI/Downloads/NOMO-3d-400-scans_and_tc2_measurements/NOMO-3d-400-scans_and_tc2_measurements/nomo-scans/female_TC2Meas_txt/female_TC2Meas_txt/female_0166.txt
cm,15.5,108.3,85.4,84.5,95.5,105.9,34.0,49.1,110.5,109.6,35.6,30.1,24.54,170.7,90.5,39.9,18.4,87.9,101.0,36.3,43.6,35.6,38.1,36.5,30.5,23.5,16.1,59.2,13.6,27.0,72.8,153.3,59.0,40.2,146.5,145.3,101.3,105.3,129.5,68.8,27.5,88.0,112.0,4.0,76.9,37.5,44.8,41.1,105.0,84.5,C:/Users/SAI/Downloads/NOMO-3d-400-scans_and_tc2_measurements/NOMO-3d-400-scans_and_tc2_measurements/nomo-scans/female_TC2Meas_txt/female_TC2Meas_txt/female_0167.txt
cm,24.9,100.3,80.7,79.6,87.9,106.1,32.0,46.3,102.3,101.6,31.9,25.2,26.21,164.8,88.1,35.8,20.9,77.0,96.4,36.0,38.2,32.0,40.6,39.8,32.1,26.5,16.3,58.4,12.0,27.3,70.4,147.4,63.9,37.4,141.6,141.4,91.5,97.5,124.1,67.8,27.1,76.3,106.7,4.0,72.5,34.5,41.9,41.6,108.9,80.1,C:/Users/SAI/Downloads/NOMO-3d-400-scans_and_tc2_measurements/NOMO-3d-400-scans_and_tc2_measurements/nomo-scans/female_TC2Meas_txt/female_TC2Meas_txt/female_0168.txt
cm,22.6,103.5,81.1,79.6,94.2,110.3,31.0,45.6,106.0,105.2,35.2,29.1,23.37,171.5,88.1,36.5,21.0,82.2,92.8,34.3,41.5,34.2,40.3,36.5,29.9,24.1,15.5,56.6,14.0,28.2,70.6,153.3,61.9,39.7,146.3,146.8,100.2,100.8,128.1,73.8,29.5,84.4,109.1,4.0,70.7,36.4,42.6,41.2,109.5,81.6,C:/Users/SAI/Downloads/NOMO-3d-400-scans_and_tc2_measurements/NOMO-3d-400-scans_and_tc2_measurements/nomo-scans/female_TC2Meas_txt/female_TC2Meas_txt/female_0169.txt
cm,24.0,94.6,77.7,76.3,75.0,87.8,31.0,44.6,95.9,95.8,25.0,22.0,21.53,158.8,83.3,33.6,15.9,68.6,83.5,30.4,35.6,29.5,31.7,30.5,25.1,21.5,13.4,54.1,11.0,25.2,65.1,137.3,49.7,37.1,130.0,130.8,76.3,91.7,115.8,61.0,24.4,67.5,100.7,4.0,68.7,30.6,37.6,36.0,92.1,76.3,C:/Users/SAI/Downloads/NOMO-3d-400-scans_and_tc2_measurements/NOMO-3d-400-scans_and_tc2_measurements/nomo-scans/female_TC2Meas_txt/female_TC2Meas_txt/female_0170.txt
cm,24.9,101.8,74.9,73.4,100.2,117.2,27.0,40.9,105.2,104.7,43.5,33.8,25.49,162.4,84.4,38.9,20.2,96.2,112.8,39.1,45.6,37.2,45.4,45.1,38.7,28.6,16.5,55.1,14.3,32.7,69.4,144.1,70.9,45.9,137.6,138.1,116.1,98.5,119.9,70.8,28.3,99.5,101.7,4.0,67.1,39.2,47.7,45.4,120.2,79.4,C:/Users/SAI/Downloads/NOMO-3d-400-scans_and_tc2_measurements/NOMO-3d-400-scans_and_tc2_measurements/nomo-scans/female_TC2Meas_txt/female_TC2Meas_txt/female_0171.txt
cm,25.5,95.2,73.1,72.2,71.8,90.0,30.0,42.7,97.4,96.7,33.7,27.4,21.62,138.9,79.2,33.6,15.9,70.8,87.0,33.4,37.0,30.7,35.1,31.8,24.9,21.6,12.4,51.3,11.1,23.7,62.3,133.7,50.1,33.7,127.7,127.7,80.8,92.4,113.7,61.5,24.6,67.3,96.8,4.0,64.6,31.8,37.5,35.4,92.9,72.7,C:/Users/SAI/Downloads/NOMO-3d-400-scans_and_tc2_measurements/NOMO-3d-400-scans_and_tc2_measurements/nomo-scans/female_TC2Meas_txt/female_TC2Meas_txt/female_0172.txt
cm,19.6,94.2,76.7,75.4,84.0,89.3,31.5,44.7,96.0,96.2,28.2,23.2,22.17,159.5,84.4,35.3,21.6,80.1,99.1,34.7,39.1,32.2,33.4,31.8,26.2,21.9,13.9,52.3,12.2,27.3,64.5,139.7,51.1,39.9,133.7,134.2,86.7,91.3,118.4,64.3,25.7,76.7,101.1,3.5,67.9,34.3,39.9,34.9,91.1,76.4,C:/Users/SAI/Downloads/NOMO-3d-400-scans_and_tc2_measurements/NOMO-3d-400-scans_and_tc2_measurements/nomo-scans/female_TC2Meas_txt/female_TC2Meas_txt/female_0173.txt
cm,15.4,101.4,80.1,79.0,86.8,96.9,32.0,46.1,102.9,102.9,32.8,26.1,23.30,164.8,87.5,34.6,19.4,80.0,93.3,32.4,39.4,31.0,35.5,32.3,27.2,23.4,14.3,57.0,14.1,26.5,71.1,145.3,55.1,40.9,137.5,139.3,86.3,98.6,124.5,66.3,26.5,81.4,105.5,4.0,71.8,35.0,39.6,40.2,100.8,80.5,C:/Users/SAI/Downloads/NOMO-3d-400-scans_and_tc2_measurements/NOMO-3d-400-scans_and_tc2_measurements/nomo-scans/female_TC2Meas_txt/female_TC2Meas_txt/female_0174.txt
cm,15.4,101.4,80.1,79.0,86.8,96.9,32.0,46.1,102.9,102.9,32.8,26.1,23.30,164.8,87.5,34.6,19.4,80.0,93.3,32.4,39.4,31.0,35.5,32.3,27.2,23.4,14.3,57.0,14.1,26.5,71.1,145.3,55.1,40.9,137.5,139.3,86.3,98.6,124.5,66.3,26.5,81.4,105.5,4.0,71.8,35.0,39.6,40.2,100.8,80.5,C:/Users/SAI/Downloads/NOMO-3d-400-scans_and_tc2_measurements/NOMO-3d-400-scans_and_tc2_measurements/nomo-scans/female_TC2Meas_txt/female_TC2Meas_txt/female_0174_promt.txt
cm,20.2,101.4,79.1,76.8,87.3,101.9,31.0,44.7,103.3,102.5,34.2,30.3,24.95,165.3,83.3,36.2,18.5,82.1,91.3,32.2,39.0,32.9,37.6,37.4,29.7,24.1,15.0,54.5,13.0,25.9,67.5,145.8,60.1,36.5,140.3,140.5,94.4,98.4,124.3,69.0,27.6,81.3,104.4,4.0,68.8,34.8,40.2,40.9,106.3,76.8,C:/Users/SAI/Downloads/NOMO-3d-400-scans_and_tc2_measurements/NOMO-3d-400-scans_and_tc2_measurements/nomo-scans/female_TC2Meas_txt/female_TC2Meas_txt/female_0175.txt
